cluster,safe_name,n_nodes,n_edges,label,label_name,escape_cnt,sa_cnt,misc_cnt,npz_file
CloudFlix,CloudFlix,23,506,2,chain,2,0,6,CloudFlix.npz
GameOn-Java-Microservices-on-Kubernetes,GameOn-Java-Microservices-on-Kubernetes,16,240,1,isolated,0,1,2,GameOn-Java-Microservices-on-Kubernetes.npz
IngressMonitorController,IngressMonitorController,31,930,1,isolated,0,0,1,IngressMonitorController.npz
Java-MicroProfile-on-Kubernetes,Java-MicroProfile-on-Kubernetes,7,42,1,isolated,0,0,1,Java-MicroProfile-on-Kubernetes.npz
MicroCouriers,MicroCouriers,2,2,0,clean,0,0,0,MicroCouriers.npz
Microservices-Nodejs-React,Microservices-Nodejs-React,24,552,1,isolated,0,0,4,Microservices-Nodejs-React.npz
Microservices-deployment-with-PaaS-Containers-and-Serverless-Platforms,Microservices-deployment-with-PaaS-Containers-and-Serverless-Platforms,4,12,1,isolated,0,0,2,Microservices-deployment-with-PaaS-Containers-and-Serverless-Platforms.npz
MicroservicesOnContainers,MicroservicesOnContainers,1,0,1,isolated,0,0,1,MicroservicesOnContainers.npz
OpenStack-on-Kubernetes,OpenStack-on-Kubernetes,192,36672,2,chain,20,5,79,OpenStack-on-Kubernetes.npz
RSO,RSO,12,132,0,clean,0,0,0,RSO.npz
ansible-hetzner-ubuntu-1804-k8s-setup,ansible-hetzner-ubuntu-1804-k8s-setup,1,0,1,isolated,1,0,1,ansible-hetzner-ubuntu-1804-k8s-setup.npz
aws-ebs-csi-driver,aws-ebs-csi-driver,3,6,2,chain,2,3,3,aws-ebs-csi-driver.npz
badpods_everything-allowed,badpods_everything-allowed,16,240,2,chain,16,16,16,badpods_everything-allowed.npz
badpods_hostipc,badpods_hostipc,16,240,2,chain,16,16,16,badpods_hostipc.npz
badpods_hostnetwork,badpods_hostnetwork,16,240,2,chain,16,16,16,badpods_hostnetwork.npz
badpods_hostpath,badpods_hostpath,16,240,2,chain,16,16,16,badpods_hostpath.npz
badpods_hostpid,badpods_hostpid,16,240,2,chain,16,16,16,badpods_hostpid.npz
badpods_nothing-allowed,badpods_nothing-allowed,16,240,0,clean,0,16,0,badpods_nothing-allowed.npz
badpods_priv,badpods_priv,16,240,2,chain,16,16,16,badpods_priv.npz
badpods_priv-and-hostpid,badpods_priv-and-hostpid,16,240,2,chain,16,16,16,badpods_priv-and-hostpid.npz
caastle,caastle,7,42,1,isolated,0,0,2,caastle.npz
calico,calico,16,240,2,chain,15,16,16,calico.npz
checkov_example__AllowPrivilegeEscalation_ds-nginx-ingress-FAILED,checkov_example__AllowPrivilegeEscalation_ds-nginx-ingress-FAILED,1,0,1,isolated,0,1,1,checkov_example__AllowPrivilegeEscalation_ds-nginx-ingress-FAILED.npz
checkov_example__AllowPrivilegeEscalation_pod-runas1000-PASSED,checkov_example__AllowPrivilegeEscalation_pod-runas1000-PASSED,1,0,1,isolated,0,1,1,checkov_example__AllowPrivilegeEscalation_pod-runas1000-PASSED.npz
checkov_example__AllowPrivilegeEscalation_pod-to-node-FAILED,checkov_example__AllowPrivilegeEscalation_pod-to-node-FAILED,1,0,1,isolated,1,1,1,checkov_example__AllowPrivilegeEscalation_pod-to-node-FAILED.npz
checkov_example__AllowPrivilegeEscalation_rootDeployment-PASSED,checkov_example__AllowPrivilegeEscalation_rootDeployment-PASSED,1,0,1,isolated,0,1,1,checkov_example__AllowPrivilegeEscalation_rootDeployment-PASSED.npz
checkov_example__AllowedCapabilitiesSysAdmin_cronjob-PASSED,checkov_example__AllowedCapabilitiesSysAdmin_cronjob-PASSED,1,0,1,isolated,0,1,1,checkov_example__AllowedCapabilitiesSysAdmin_cronjob-PASSED.npz
checkov_example__AllowedCapabilitiesSysAdmin_pod-FAILED,checkov_example__AllowedCapabilitiesSysAdmin_pod-FAILED,1,0,1,isolated,1,1,1,checkov_example__AllowedCapabilitiesSysAdmin_pod-FAILED.npz
checkov_example__AllowedCapabilitiesSysAdmin_pod-FAILED2,checkov_example__AllowedCapabilitiesSysAdmin_pod-FAILED2,1,0,1,isolated,0,1,1,checkov_example__AllowedCapabilitiesSysAdmin_pod-FAILED2.npz
checkov_example__AllowedCapabilities_cassandra-FAILED,checkov_example__AllowedCapabilities_cassandra-FAILED,1,0,1,isolated,0,1,1,checkov_example__AllowedCapabilities_cassandra-FAILED.npz
checkov_example__AllowedCapabilities_cronjob-PASSED,checkov_example__AllowedCapabilities_cronjob-PASSED,1,0,1,isolated,0,1,1,checkov_example__AllowedCapabilities_cronjob-PASSED.npz
checkov_example__AllowedCapabilities_cronjob-UNKOWN,checkov_example__AllowedCapabilities_cronjob-UNKOWN,1,0,1,isolated,0,1,1,checkov_example__AllowedCapabilities_cronjob-UNKOWN.npz
checkov_example__AllowedCapabilities_nginx-deployment-PASSED,checkov_example__AllowedCapabilities_nginx-deployment-PASSED,1,0,1,isolated,0,1,1,checkov_example__AllowedCapabilities_nginx-deployment-PASSED.npz
checkov_example__ApiServerAdmissionControlAlwaysAdmit_ApiServerAdmissionControlAlwaysAdmit-FAILED,checkov_example__ApiServerAdmissionControlAlwaysAdmit_ApiServerAdmissionControlAlwaysAdmit-FAILED,1,0,1,isolated,1,1,1,checkov_example__ApiServerAdmissionControlAlwaysAdmit_ApiServerAdmissionControlAlwaysAdmit-FAILED.npz
checkov_example__ApiServerAdmissionControlAlwaysAdmit_ApiServerAdmissionControlAlwaysAdmit-PASSED,checkov_example__ApiServerAdmissionControlAlwaysAdmit_ApiServerAdmissionControlAlwaysAdmit-PASSED,1,0,1,isolated,1,1,1,checkov_example__ApiServerAdmissionControlAlwaysAdmit_ApiServerAdmissionControlAlwaysAdmit-PASSED.npz
checkov_example__ApiServerAlwaysPullImagesPlugin_ApiServerAlwaysPullImagesPlugin-FAILED,checkov_example__ApiServerAlwaysPullImagesPlugin_ApiServerAlwaysPullImagesPlugin-FAILED,1,0,1,isolated,1,1,1,checkov_example__ApiServerAlwaysPullImagesPlugin_ApiServerAlwaysPullImagesPlugin-FAILED.npz
checkov_example__ApiServerAlwaysPullImagesPlugin_ApiServerAlwaysPullImagesPlugin-PASSED,checkov_example__ApiServerAlwaysPullImagesPlugin_ApiServerAlwaysPullImagesPlugin-PASSED,1,0,1,isolated,1,1,1,checkov_example__ApiServerAlwaysPullImagesPlugin_ApiServerAlwaysPullImagesPlugin-PASSED.npz
checkov_example__ApiServerAnonymousAuth_ApiServer-AnonymousAuth-False-PASSED,checkov_example__ApiServerAnonymousAuth_ApiServer-AnonymousAuth-False-PASSED,1,0,1,isolated,1,1,1,checkov_example__ApiServerAnonymousAuth_ApiServer-AnonymousAuth-False-PASSED.npz
checkov_example__ApiServerAnonymousAuth_ApiServer-AnonymousAuth-Missing-FAILED,checkov_example__ApiServerAnonymousAuth_ApiServer-AnonymousAuth-Missing-FAILED,1,0,1,isolated,1,1,1,checkov_example__ApiServerAnonymousAuth_ApiServer-AnonymousAuth-Missing-FAILED.npz
checkov_example__ApiServerAnonymousAuth_ApiServer-AnonymousAuth-True-FAILED,checkov_example__ApiServerAnonymousAuth_ApiServer-AnonymousAuth-True-FAILED,1,0,1,isolated,1,1,1,checkov_example__ApiServerAnonymousAuth_ApiServer-AnonymousAuth-True-FAILED.npz
checkov_example__ApiServerAuditLogMaxAge_ApiServer-FAILED,checkov_example__ApiServerAuditLogMaxAge_ApiServer-FAILED,1,0,1,isolated,1,1,1,checkov_example__ApiServerAuditLogMaxAge_ApiServer-FAILED.npz
checkov_example__ApiServerAuditLogMaxAge_ApiServer-PASSED,checkov_example__ApiServerAuditLogMaxAge_ApiServer-PASSED,1,0,1,isolated,1,1,1,checkov_example__ApiServerAuditLogMaxAge_ApiServer-PASSED.npz
checkov_example__ApiServerAuditLogMaxBackup_ApiServer-FAILED,checkov_example__ApiServerAuditLogMaxBackup_ApiServer-FAILED,1,0,1,isolated,1,1,1,checkov_example__ApiServerAuditLogMaxBackup_ApiServer-FAILED.npz
checkov_example__ApiServerAuditLogMaxBackup_ApiServer-FAILED-2,checkov_example__ApiServerAuditLogMaxBackup_ApiServer-FAILED-2,1,0,1,isolated,1,1,1,checkov_example__ApiServerAuditLogMaxBackup_ApiServer-FAILED-2.npz
checkov_example__ApiServerAuditLogMaxBackup_ApiServer-PASSED,checkov_example__ApiServerAuditLogMaxBackup_ApiServer-PASSED,1,0,1,isolated,1,1,1,checkov_example__ApiServerAuditLogMaxBackup_ApiServer-PASSED.npz
checkov_example__ApiServerAuditLogMaxSize_ApiServer-FAILED,checkov_example__ApiServerAuditLogMaxSize_ApiServer-FAILED,1,0,1,isolated,1,1,1,checkov_example__ApiServerAuditLogMaxSize_ApiServer-FAILED.npz
checkov_example__ApiServerAuditLogMaxSize_ApiServer-FAILED-2,checkov_example__ApiServerAuditLogMaxSize_ApiServer-FAILED-2,1,0,1,isolated,1,1,1,checkov_example__ApiServerAuditLogMaxSize_ApiServer-FAILED-2.npz
checkov_example__ApiServerAuditLogMaxSize_ApiServer-PASSED,checkov_example__ApiServerAuditLogMaxSize_ApiServer-PASSED,1,0,1,isolated,1,1,1,checkov_example__ApiServerAuditLogMaxSize_ApiServer-PASSED.npz
checkov_example__ApiServerAuditLog_ApiServer-FAILED,checkov_example__ApiServerAuditLog_ApiServer-FAILED,1,0,1,isolated,1,1,1,checkov_example__ApiServerAuditLog_ApiServer-FAILED.npz
checkov_example__ApiServerAuditLog_ApiServer-PASSED,checkov_example__ApiServerAuditLog_ApiServer-PASSED,1,0,1,isolated,1,1,1,checkov_example__ApiServerAuditLog_ApiServer-PASSED.npz
checkov_example__ApiServerAuthorizationModeNode_ApiServer-FAILED,checkov_example__ApiServerAuthorizationModeNode_ApiServer-FAILED,1,0,1,isolated,1,1,1,checkov_example__ApiServerAuthorizationModeNode_ApiServer-FAILED.npz
checkov_example__ApiServerAuthorizationModeNode_ApiServer-FAILED-2,checkov_example__ApiServerAuthorizationModeNode_ApiServer-FAILED-2,1,0,1,isolated,1,1,1,checkov_example__ApiServerAuthorizationModeNode_ApiServer-FAILED-2.npz
checkov_example__ApiServerAuthorizationModeNode_ApiServer-PASSED,checkov_example__ApiServerAuthorizationModeNode_ApiServer-PASSED,1,0,1,isolated,1,1,1,checkov_example__ApiServerAuthorizationModeNode_ApiServer-PASSED.npz
checkov_example__ApiServerAuthorizationModeNotAlwaysAllow_ApiServer-FAILED,checkov_example__ApiServerAuthorizationModeNotAlwaysAllow_ApiServer-FAILED,1,0,1,isolated,1,1,1,checkov_example__ApiServerAuthorizationModeNotAlwaysAllow_ApiServer-FAILED.npz
checkov_example__ApiServerAuthorizationModeNotAlwaysAllow_ApiServer-FAILED-2,checkov_example__ApiServerAuthorizationModeNotAlwaysAllow_ApiServer-FAILED-2,1,0,1,isolated,1,1,1,checkov_example__ApiServerAuthorizationModeNotAlwaysAllow_ApiServer-FAILED-2.npz
checkov_example__ApiServerAuthorizationModeNotAlwaysAllow_ApiServer-PASSED,checkov_example__ApiServerAuthorizationModeNotAlwaysAllow_ApiServer-PASSED,1,0,1,isolated,1,1,1,checkov_example__ApiServerAuthorizationModeNotAlwaysAllow_ApiServer-PASSED.npz
checkov_example__ApiServerAuthorizationModeNotAlwaysAllow_ApiServer-PASSED-2,checkov_example__ApiServerAuthorizationModeNotAlwaysAllow_ApiServer-PASSED-2,1,0,1,isolated,1,1,1,checkov_example__ApiServerAuthorizationModeNotAlwaysAllow_ApiServer-PASSED-2.npz
checkov_example__ApiServerAuthorizationModeRBAC_ApiServer-FAILED,checkov_example__ApiServerAuthorizationModeRBAC_ApiServer-FAILED,1,0,1,isolated,1,1,1,checkov_example__ApiServerAuthorizationModeRBAC_ApiServer-FAILED.npz
checkov_example__ApiServerAuthorizationModeRBAC_ApiServer-FAILED-2,checkov_example__ApiServerAuthorizationModeRBAC_ApiServer-FAILED-2,1,0,1,isolated,1,1,1,checkov_example__ApiServerAuthorizationModeRBAC_ApiServer-FAILED-2.npz
checkov_example__ApiServerAuthorizationModeRBAC_ApiServer-PASSED,checkov_example__ApiServerAuthorizationModeRBAC_ApiServer-PASSED,1,0,1,isolated,1,1,1,checkov_example__ApiServerAuthorizationModeRBAC_ApiServer-PASSED.npz
checkov_example__ApiServerAuthorizationModeRBAC_ApiServer-PASSED-2,checkov_example__ApiServerAuthorizationModeRBAC_ApiServer-PASSED-2,1,0,1,isolated,1,1,1,checkov_example__ApiServerAuthorizationModeRBAC_ApiServer-PASSED-2.npz
checkov_example__ApiServerBasicAuthFile_ApiServerBasicAuthFile-FAILED,checkov_example__ApiServerBasicAuthFile_ApiServerBasicAuthFile-FAILED,1,0,1,isolated,1,1,1,checkov_example__ApiServerBasicAuthFile_ApiServerBasicAuthFile-FAILED.npz
checkov_example__ApiServerBasicAuthFile_ApiServerBasicAuthFile-PASSED,checkov_example__ApiServerBasicAuthFile_ApiServerBasicAuthFile-PASSED,1,0,1,isolated,1,1,1,checkov_example__ApiServerBasicAuthFile_ApiServerBasicAuthFile-PASSED.npz
checkov_example__ApiServerEncryptionProviders_ApiServerEncryptionProviders-FAILED,checkov_example__ApiServerEncryptionProviders_ApiServerEncryptionProviders-FAILED,1,0,1,isolated,1,1,1,checkov_example__ApiServerEncryptionProviders_ApiServerEncryptionProviders-FAILED.npz
checkov_example__ApiServerEncryptionProviders_ApiServerEncryptionProviders-PASSED,checkov_example__ApiServerEncryptionProviders_ApiServerEncryptionProviders-PASSED,1,0,1,isolated,1,1,1,checkov_example__ApiServerEncryptionProviders_ApiServerEncryptionProviders-PASSED.npz
checkov_example__ApiServerEtcdCaFile_example__ApiServerEtcdCaFile-FAILED,checkov_example__ApiServerEtcdCaFile_example__ApiServerEtcdCaFile-FAILED,1,0,1,isolated,1,1,1,checkov_example__ApiServerEtcdCaFile_example__ApiServerEtcdCaFile-FAILED.npz
checkov_example__ApiServerEtcdCaFile_example__ApiServerEtcdCaFile-PASSED,checkov_example__ApiServerEtcdCaFile_example__ApiServerEtcdCaFile-PASSED,1,0,1,isolated,1,1,1,checkov_example__ApiServerEtcdCaFile_example__ApiServerEtcdCaFile-PASSED.npz
checkov_example__ApiServerEtcdCertAndKey_ApiServer-FAILED,checkov_example__ApiServerEtcdCertAndKey_ApiServer-FAILED,1,0,1,isolated,1,1,1,checkov_example__ApiServerEtcdCertAndKey_ApiServer-FAILED.npz
checkov_example__ApiServerEtcdCertAndKey_ApiServer-FAILED-2,checkov_example__ApiServerEtcdCertAndKey_ApiServer-FAILED-2,1,0,1,isolated,1,1,1,checkov_example__ApiServerEtcdCertAndKey_ApiServer-FAILED-2.npz
checkov_example__ApiServerEtcdCertAndKey_ApiServer-PASSED,checkov_example__ApiServerEtcdCertAndKey_ApiServer-PASSED,1,0,1,isolated,1,1,1,checkov_example__ApiServerEtcdCertAndKey_ApiServer-PASSED.npz
checkov_example__ApiServerInsecureBindAddress_api-server-insecure-bind-address-FAILED,checkov_example__ApiServerInsecureBindAddress_api-server-insecure-bind-address-FAILED,1,0,1,isolated,0,1,1,checkov_example__ApiServerInsecureBindAddress_api-server-insecure-bind-address-FAILED.npz
checkov_example__ApiServerInsecureBindAddress_api-server-secure-bind-address-PASSED,checkov_example__ApiServerInsecureBindAddress_api-server-secure-bind-address-PASSED,1,0,1,isolated,0,1,1,checkov_example__ApiServerInsecureBindAddress_api-server-secure-bind-address-PASSED.npz
checkov_example__ApiServerInsecurePort_api-server-insecure-port-FAILED,checkov_example__ApiServerInsecurePort_api-server-insecure-port-FAILED,1,0,1,isolated,0,1,1,checkov_example__ApiServerInsecurePort_api-server-insecure-port-FAILED.npz
checkov_example__ApiServerInsecurePort_api-server-insecure-port-PASSED,checkov_example__ApiServerInsecurePort_api-server-insecure-port-PASSED,1,0,1,isolated,0,1,1,checkov_example__ApiServerInsecurePort_api-server-insecure-port-PASSED.npz
checkov_example__ApiServerKubeletClientCertAndKey_ApiServer-FAILED,checkov_example__ApiServerKubeletClientCertAndKey_ApiServer-FAILED,1,0,1,isolated,1,1,1,checkov_example__ApiServerKubeletClientCertAndKey_ApiServer-FAILED.npz
checkov_example__ApiServerKubeletClientCertAndKey_ApiServer-FAILED-2,checkov_example__ApiServerKubeletClientCertAndKey_ApiServer-FAILED-2,1,0,1,isolated,1,1,1,checkov_example__ApiServerKubeletClientCertAndKey_ApiServer-FAILED-2.npz
checkov_example__ApiServerKubeletClientCertAndKey_ApiServer-PASSED,checkov_example__ApiServerKubeletClientCertAndKey_ApiServer-PASSED,1,0,1,isolated,1,1,1,checkov_example__ApiServerKubeletClientCertAndKey_ApiServer-PASSED.npz
checkov_example__ApiServerKubeletHttps_ApiServer-FAILED,checkov_example__ApiServerKubeletHttps_ApiServer-FAILED,1,0,1,isolated,1,1,1,checkov_example__ApiServerKubeletHttps_ApiServer-FAILED.npz
checkov_example__ApiServerKubeletHttps_ApiServer-PASSED,checkov_example__ApiServerKubeletHttps_ApiServer-PASSED,1,0,1,isolated,1,1,1,checkov_example__ApiServerKubeletHttps_ApiServer-PASSED.npz
checkov_example__ApiServerKubeletHttps_ApiServer-PASSED-2,checkov_example__ApiServerKubeletHttps_ApiServer-PASSED-2,1,0,1,isolated,1,1,1,checkov_example__ApiServerKubeletHttps_ApiServer-PASSED-2.npz
checkov_example__ApiServerNamespaceLifecyclePlugin_ApiServerNamespaceLifecyclePlugin-FAILED,checkov_example__ApiServerNamespaceLifecyclePlugin_ApiServerNamespaceLifecyclePlugin-FAILED,1,0,1,isolated,1,1,1,checkov_example__ApiServerNamespaceLifecyclePlugin_ApiServerNamespaceLifecyclePlugin-FAILED.npz
checkov_example__ApiServerNamespaceLifecyclePlugin_ApiServerNamespaceLifecyclePlugin-PASSED,checkov_example__ApiServerNamespaceLifecyclePlugin_ApiServerNamespaceLifecyclePlugin-PASSED,1,0,1,isolated,1,1,1,checkov_example__ApiServerNamespaceLifecyclePlugin_ApiServerNamespaceLifecyclePlugin-PASSED.npz
checkov_example__ApiServerNodeRestrictionPlugin_ApiServerNodeRestrictionPlugin-FAILED,checkov_example__ApiServerNodeRestrictionPlugin_ApiServerNodeRestrictionPlugin-FAILED,1,0,1,isolated,1,1,1,checkov_example__ApiServerNodeRestrictionPlugin_ApiServerNodeRestrictionPlugin-FAILED.npz
checkov_example__ApiServerNodeRestrictionPlugin_ApiServerNodeRestrictionPlugin-PASSED,checkov_example__ApiServerNodeRestrictionPlugin_ApiServerNodeRestrictionPlugin-PASSED,1,0,1,isolated,1,1,1,checkov_example__ApiServerNodeRestrictionPlugin_ApiServerNodeRestrictionPlugin-PASSED.npz
checkov_example__ApiServerPodSecurityPolicyPlugin_ApiServerPodSecurityPolicyPlugin-FAILED,checkov_example__ApiServerPodSecurityPolicyPlugin_ApiServerPodSecurityPolicyPlugin-FAILED,1,0,1,isolated,1,1,1,checkov_example__ApiServerPodSecurityPolicyPlugin_ApiServerPodSecurityPolicyPlugin-FAILED.npz
checkov_example__ApiServerPodSecurityPolicyPlugin_ApiServerPodSecurityPolicyPlugin-PASSED,checkov_example__ApiServerPodSecurityPolicyPlugin_ApiServerPodSecurityPolicyPlugin-PASSED,1,0,1,isolated,1,1,1,checkov_example__ApiServerPodSecurityPolicyPlugin_ApiServerPodSecurityPolicyPlugin-PASSED.npz
checkov_example__ApiServerProfiling_ApiServer-FAILED,checkov_example__ApiServerProfiling_ApiServer-FAILED,1,0,1,isolated,1,1,1,checkov_example__ApiServerProfiling_ApiServer-FAILED.npz
checkov_example__ApiServerProfiling_ApiServer-FAILED-2,checkov_example__ApiServerProfiling_ApiServer-FAILED-2,1,0,1,isolated,1,1,1,checkov_example__ApiServerProfiling_ApiServer-FAILED-2.npz
checkov_example__ApiServerProfiling_ApiServer-PASSED,checkov_example__ApiServerProfiling_ApiServer-PASSED,1,0,1,isolated,1,1,1,checkov_example__ApiServerProfiling_ApiServer-PASSED.npz
checkov_example__ApiServerRequestTimeout_api-server-request-timeout-FAILED,checkov_example__ApiServerRequestTimeout_api-server-request-timeout-FAILED,1,0,1,isolated,1,1,1,checkov_example__ApiServerRequestTimeout_api-server-request-timeout-FAILED.npz
checkov_example__ApiServerRequestTimeout_api-server-request-timeout-PASSED,checkov_example__ApiServerRequestTimeout_api-server-request-timeout-PASSED,1,0,1,isolated,1,1,1,checkov_example__ApiServerRequestTimeout_api-server-request-timeout-PASSED.npz
checkov_example__ApiServerSecurePort_api-server-secure-port-FAILED,checkov_example__ApiServerSecurePort_api-server-secure-port-FAILED,1,0,1,isolated,0,1,1,checkov_example__ApiServerSecurePort_api-server-secure-port-FAILED.npz
checkov_example__ApiServerSecurePort_api-server-secure-port-PASSED,checkov_example__ApiServerSecurePort_api-server-secure-port-PASSED,1,0,1,isolated,0,1,1,checkov_example__ApiServerSecurePort_api-server-secure-port-PASSED.npz
checkov_example__ApiServerSecurePort_api-server-secure-port-PASSED__2,checkov_example__ApiServerSecurePort_api-server-secure-port-PASSED__2,1,0,1,isolated,0,1,1,checkov_example__ApiServerSecurePort_api-server-secure-port-PASSED__2.npz
checkov_example__ApiServerSecurityContextDenyPlugin_ApiServerSecurityContextDenyPlugin-FAILED,checkov_example__ApiServerSecurityContextDenyPlugin_ApiServerSecurityContextDenyPlugin-FAILED,1,0,1,isolated,1,1,1,checkov_example__ApiServerSecurityContextDenyPlugin_ApiServerSecurityContextDenyPlugin-FAILED.npz
checkov_example__ApiServerSecurityContextDenyPlugin_ApiServerSecurityContextDenyPlugin-PASSED,checkov_example__ApiServerSecurityContextDenyPlugin_ApiServerSecurityContextDenyPlugin-PASSED,1,0,1,isolated,1,1,1,checkov_example__ApiServerSecurityContextDenyPlugin_ApiServerSecurityContextDenyPlugin-PASSED.npz
checkov_example__ApiServerServiceAccountKeyFile_ApiServerServiceAccountKeyFile-FAILED,checkov_example__ApiServerServiceAccountKeyFile_ApiServerServiceAccountKeyFile-FAILED,1,0,1,isolated,1,1,1,checkov_example__ApiServerServiceAccountKeyFile_ApiServerServiceAccountKeyFile-FAILED.npz
checkov_example__ApiServerServiceAccountKeyFile_ApiServerServiceAccountKeyFile-PASSED,checkov_example__ApiServerServiceAccountKeyFile_ApiServerServiceAccountKeyFile-PASSED,1,0,1,isolated,1,1,1,checkov_example__ApiServerServiceAccountKeyFile_ApiServerServiceAccountKeyFile-PASSED.npz
checkov_example__ApiServerServiceAccountLookup_ApiServer-FAILED,checkov_example__ApiServerServiceAccountLookup_ApiServer-FAILED,1,0,1,isolated,1,1,1,checkov_example__ApiServerServiceAccountLookup_ApiServer-FAILED.npz
checkov_example__ApiServerServiceAccountLookup_ApiServer-FAILED-2,checkov_example__ApiServerServiceAccountLookup_ApiServer-FAILED-2,1,0,1,isolated,1,1,1,checkov_example__ApiServerServiceAccountLookup_ApiServer-FAILED-2.npz
checkov_example__ApiServerServiceAccountLookup_ApiServer-PASSED,checkov_example__ApiServerServiceAccountLookup_ApiServer-PASSED,1,0,1,isolated,1,1,1,checkov_example__ApiServerServiceAccountLookup_ApiServer-PASSED.npz
checkov_example__ApiServerServiceAccountPlugin_ApiServerServiceAccountPlugin-FAILED,checkov_example__ApiServerServiceAccountPlugin_ApiServerServiceAccountPlugin-FAILED,1,0,1,isolated,1,1,1,checkov_example__ApiServerServiceAccountPlugin_ApiServerServiceAccountPlugin-FAILED.npz
checkov_example__ApiServerServiceAccountPlugin_ApiServerServiceAccountPlugin-PASSED,checkov_example__ApiServerServiceAccountPlugin_ApiServerServiceAccountPlugin-PASSED,1,0,1,isolated,1,1,1,checkov_example__ApiServerServiceAccountPlugin_ApiServerServiceAccountPlugin-PASSED.npz
checkov_example__ApiServerStrongCryptographicCiphers_ApiServerStrongCryptographicCiphers-FAILED,checkov_example__ApiServerStrongCryptographicCiphers_ApiServerStrongCryptographicCiphers-FAILED,1,0,1,isolated,1,1,1,checkov_example__ApiServerStrongCryptographicCiphers_ApiServerStrongCryptographicCiphers-FAILED.npz
checkov_example__ApiServerStrongCryptographicCiphers_ApiServerStrongCryptographicCiphers-PASSED,checkov_example__ApiServerStrongCryptographicCiphers_ApiServerStrongCryptographicCiphers-PASSED,1,0,1,isolated,1,1,1,checkov_example__ApiServerStrongCryptographicCiphers_ApiServerStrongCryptographicCiphers-PASSED.npz
checkov_example__ApiServerTlsCertAndKey_ApiServer-FAILED,checkov_example__ApiServerTlsCertAndKey_ApiServer-FAILED,1,0,1,isolated,1,1,1,checkov_example__ApiServerTlsCertAndKey_ApiServer-FAILED.npz
checkov_example__ApiServerTlsCertAndKey_ApiServer-FAILED-2,checkov_example__ApiServerTlsCertAndKey_ApiServer-FAILED-2,1,0,1,isolated,1,1,1,checkov_example__ApiServerTlsCertAndKey_ApiServer-FAILED-2.npz
checkov_example__ApiServerTlsCertAndKey_ApiServer-FAILED-3,checkov_example__ApiServerTlsCertAndKey_ApiServer-FAILED-3,1,0,1,isolated,1,1,1,checkov_example__ApiServerTlsCertAndKey_ApiServer-FAILED-3.npz
checkov_example__ApiServerTlsCertAndKey_ApiServer-PASSED,checkov_example__ApiServerTlsCertAndKey_ApiServer-PASSED,1,0,1,isolated,1,1,1,checkov_example__ApiServerTlsCertAndKey_ApiServer-PASSED.npz
checkov_example__ApiServerTokenAuthFile_ApiServerTokenAuthFile-FAILED,checkov_example__ApiServerTokenAuthFile_ApiServerTokenAuthFile-FAILED,1,0,1,isolated,1,1,1,checkov_example__ApiServerTokenAuthFile_ApiServerTokenAuthFile-FAILED.npz
checkov_example__ApiServerTokenAuthFile_ApiServerTokenAuthFile-PASSED,checkov_example__ApiServerTokenAuthFile_ApiServerTokenAuthFile-PASSED,1,0,1,isolated,1,1,1,checkov_example__ApiServerTokenAuthFile_ApiServerTokenAuthFile-PASSED.npz
checkov_example__ApiServerkubeletCertificateAuthority_ApiServerkubeletCertificateAuthority-FAILED,checkov_example__ApiServerkubeletCertificateAuthority_ApiServerkubeletCertificateAuthority-FAILED,1,0,1,isolated,1,1,1,checkov_example__ApiServerkubeletCertificateAuthority_ApiServerkubeletCertificateAuthority-FAILED.npz
checkov_example__ApiServerkubeletCertificateAuthority_ApiServerkubeletCertificateAuthority-PASSED,checkov_example__ApiServerkubeletCertificateAuthority_ApiServerkubeletCertificateAuthority-PASSED,1,0,1,isolated,1,1,1,checkov_example__ApiServerkubeletCertificateAuthority_ApiServerkubeletCertificateAuthority-PASSED.npz
checkov_example__ControllerManagerBindAddress_ControllerManagerBindAddress-FAILED,checkov_example__ControllerManagerBindAddress_ControllerManagerBindAddress-FAILED,1,0,1,isolated,1,1,1,checkov_example__ControllerManagerBindAddress_ControllerManagerBindAddress-FAILED.npz
checkov_example__ControllerManagerBindAddress_ControllerManagerBindAddress-FAILED-2,checkov_example__ControllerManagerBindAddress_ControllerManagerBindAddress-FAILED-2,1,0,1,isolated,1,1,1,checkov_example__ControllerManagerBindAddress_ControllerManagerBindAddress-FAILED-2.npz
checkov_example__ControllerManagerBindAddress_ControllerManagerBindAddress-PASSED,checkov_example__ControllerManagerBindAddress_ControllerManagerBindAddress-PASSED,1,0,1,isolated,1,1,1,checkov_example__ControllerManagerBindAddress_ControllerManagerBindAddress-PASSED.npz
checkov_example__DangerousGitSync_Deployment-FAILED,checkov_example__DangerousGitSync_Deployment-FAILED,1,0,1,isolated,0,1,1,checkov_example__DangerousGitSync_Deployment-FAILED.npz
checkov_example__DangerousGitSync_Deployment-PASSED,checkov_example__DangerousGitSync_Deployment-PASSED,1,0,1,isolated,0,1,1,checkov_example__DangerousGitSync_Deployment-PASSED.npz
checkov_example__DangerousGitSync_Deployment2-FAILED,checkov_example__DangerousGitSync_Deployment2-FAILED,1,0,1,isolated,0,1,1,checkov_example__DangerousGitSync_Deployment2-FAILED.npz
checkov_example__DefaultNamespace_nginx-statefulset-FAILED,checkov_example__DefaultNamespace_nginx-statefulset-FAILED,1,0,1,isolated,0,1,1,checkov_example__DefaultNamespace_nginx-statefulset-FAILED.npz
checkov_example__DockerSocketVolume_CronJob-pass,checkov_example__DockerSocketVolume_CronJob-pass,1,0,1,isolated,0,1,1,checkov_example__DockerSocketVolume_CronJob-pass.npz
checkov_example__DockerSocketVolume_cloudwatch-agent-1PASSED-1FAILED,checkov_example__DockerSocketVolume_cloudwatch-agent-1PASSED-1FAILED,1,0,1,isolated,1,1,1,checkov_example__DockerSocketVolume_cloudwatch-agent-1PASSED-1FAILED.npz
checkov_example__DropCapabilities_pod-drop-NET__RAW-capabilities-FAILED-MISSING,checkov_example__DropCapabilities_pod-drop-NET__RAW-capabilities-FAILED-MISSING,1,0,1,isolated,0,1,1,checkov_example__DropCapabilities_pod-drop-NET__RAW-capabilities-FAILED-MISSING.npz
checkov_example__DropCapabilities_pod-drop-NET__RAW-capabilities-PASSED,checkov_example__DropCapabilities_pod-drop-NET__RAW-capabilities-PASSED,1,0,1,isolated,0,1,1,checkov_example__DropCapabilities_pod-drop-NET__RAW-capabilities-PASSED.npz
checkov_example__DropCapabilities_pod-drop-all-capabilities-PASSED,checkov_example__DropCapabilities_pod-drop-all-capabilities-PASSED,1,0,1,isolated,0,1,1,checkov_example__DropCapabilities_pod-drop-all-capabilities-PASSED.npz
checkov_example__DropCapabilities_pod-drop-all-capabilities-PASSED2,checkov_example__DropCapabilities_pod-drop-all-capabilities-PASSED2,1,0,1,isolated,0,1,1,checkov_example__DropCapabilities_pod-drop-all-capabilities-PASSED2.npz
checkov_example__DropCapabilities_pod-drop-none-FAILED,checkov_example__DropCapabilities_pod-drop-none-FAILED,1,0,1,isolated,0,1,1,checkov_example__DropCapabilities_pod-drop-none-FAILED.npz
checkov_example__EtcdAutoTls_Etcd-FAILED,checkov_example__EtcdAutoTls_Etcd-FAILED,1,0,1,isolated,1,1,1,checkov_example__EtcdAutoTls_Etcd-FAILED.npz
checkov_example__EtcdAutoTls_Etcd-PASSED,checkov_example__EtcdAutoTls_Etcd-PASSED,1,0,1,isolated,1,1,1,checkov_example__EtcdAutoTls_Etcd-PASSED.npz
checkov_example__EtcdAutoTls_Etcd-PASSED-2,checkov_example__EtcdAutoTls_Etcd-PASSED-2,1,0,1,isolated,1,1,1,checkov_example__EtcdAutoTls_Etcd-PASSED-2.npz
checkov_example__EtcdCertAndKey_Etcd-FAILED,checkov_example__EtcdCertAndKey_Etcd-FAILED,1,0,1,isolated,1,1,1,checkov_example__EtcdCertAndKey_Etcd-FAILED.npz
checkov_example__EtcdCertAndKey_Etcd-FAILED-2,checkov_example__EtcdCertAndKey_Etcd-FAILED-2,1,0,1,isolated,1,1,1,checkov_example__EtcdCertAndKey_Etcd-FAILED-2.npz
checkov_example__EtcdCertAndKey_Etcd-PASSED,checkov_example__EtcdCertAndKey_Etcd-PASSED,1,0,1,isolated,1,1,1,checkov_example__EtcdCertAndKey_Etcd-PASSED.npz
checkov_example__EtcdClientCertAuth_Etcd-FAILED,checkov_example__EtcdClientCertAuth_Etcd-FAILED,1,0,1,isolated,1,1,1,checkov_example__EtcdClientCertAuth_Etcd-FAILED.npz
checkov_example__EtcdClientCertAuth_Etcd-FAILED-2,checkov_example__EtcdClientCertAuth_Etcd-FAILED-2,1,0,1,isolated,1,1,1,checkov_example__EtcdClientCertAuth_Etcd-FAILED-2.npz
checkov_example__EtcdClientCertAuth_Etcd-PASSED,checkov_example__EtcdClientCertAuth_Etcd-PASSED,1,0,1,isolated,1,1,1,checkov_example__EtcdClientCertAuth_Etcd-PASSED.npz
checkov_example__EtcdPeerFiles_EtcdPeerFiles-FAILED,checkov_example__EtcdPeerFiles_EtcdPeerFiles-FAILED,1,0,1,isolated,1,1,1,checkov_example__EtcdPeerFiles_EtcdPeerFiles-FAILED.npz
checkov_example__EtcdPeerFiles_EtcdPeerFiles-PASSED,checkov_example__EtcdPeerFiles_EtcdPeerFiles-PASSED,1,0,1,isolated,1,1,1,checkov_example__EtcdPeerFiles_EtcdPeerFiles-PASSED.npz
checkov_example__HostPort_DS-node-exporter-FAILED,checkov_example__HostPort_DS-node-exporter-FAILED,1,0,1,isolated,1,1,1,checkov_example__HostPort_DS-node-exporter-FAILED.npz
checkov_example__HostPort_nginx-app-FAILED,checkov_example__HostPort_nginx-app-FAILED,1,0,1,isolated,0,1,1,checkov_example__HostPort_nginx-app-FAILED.npz
checkov_example__HostPort_nginx-app-PASSED,checkov_example__HostPort_nginx-app-PASSED,1,0,1,isolated,0,1,1,checkov_example__HostPort_nginx-app-PASSED.npz
checkov_example__ImageDigest_imageWithTagAndDigest-PASSED,checkov_example__ImageDigest_imageWithTagAndDigest-PASSED,1,0,1,isolated,0,1,1,checkov_example__ImageDigest_imageWithTagAndDigest-PASSED.npz
checkov_example__ImageDigest_job-ImageTagLatest-FAILED,checkov_example__ImageDigest_job-ImageTagLatest-FAILED,1,0,1,isolated,0,1,1,checkov_example__ImageDigest_job-ImageTagLatest-FAILED.npz
checkov_example__ImageDigest_kafka-PASSED,checkov_example__ImageDigest_kafka-PASSED,1,0,1,isolated,0,1,1,checkov_example__ImageDigest_kafka-PASSED.npz
checkov_example__ImageDigest_kafka-withrepo-PASSED,checkov_example__ImageDigest_kafka-withrepo-PASSED,1,0,1,isolated,0,1,1,checkov_example__ImageDigest_kafka-withrepo-PASSED.npz
checkov_example__ImagePullPolicy_cassandra-PullPolicyAlways-PASSED,checkov_example__ImagePullPolicy_cassandra-PullPolicyAlways-PASSED,1,0,1,isolated,0,1,1,checkov_example__ImagePullPolicy_cassandra-PullPolicyAlways-PASSED.npz
checkov_example__ImagePullPolicy_imageWithDigest-DefaultPullPolicy-PASSED,checkov_example__ImagePullPolicy_imageWithDigest-DefaultPullPolicy-PASSED,1,0,1,isolated,0,1,1,checkov_example__ImagePullPolicy_imageWithDigest-DefaultPullPolicy-PASSED.npz
checkov_example__ImagePullPolicy_imageWithDigest-PullPolicyAlways-PASSED,checkov_example__ImagePullPolicy_imageWithDigest-PullPolicyAlways-PASSED,1,0,1,isolated,0,1,1,checkov_example__ImagePullPolicy_imageWithDigest-PullPolicyAlways-PASSED.npz
checkov_example__ImagePullPolicy_job-ImageTagLatest-PASSED,checkov_example__ImagePullPolicy_job-ImageTagLatest-PASSED,1,0,1,isolated,0,1,1,checkov_example__ImagePullPolicy_job-ImageTagLatest-PASSED.npz
checkov_example__ImagePullPolicy_kafka-PullPolicyAlways-PASSED,checkov_example__ImagePullPolicy_kafka-PullPolicyAlways-PASSED,1,0,1,isolated,0,1,1,checkov_example__ImagePullPolicy_kafka-PullPolicyAlways-PASSED.npz
checkov_example__ImagePullPolicy_replctrl-PullIfNotPresent-FAILED,checkov_example__ImagePullPolicy_replctrl-PullIfNotPresent-FAILED,1,0,1,isolated,0,1,1,checkov_example__ImagePullPolicy_replctrl-PullIfNotPresent-FAILED.npz
checkov_example__ImagePullPolicy_wordpress-ImageTagged-DefaultPullPolicy-FAILED,checkov_example__ImagePullPolicy_wordpress-ImageTagged-DefaultPullPolicy-FAILED,1,0,1,isolated,0,1,1,checkov_example__ImagePullPolicy_wordpress-ImageTagged-DefaultPullPolicy-FAILED.npz
checkov_example__ImageTagFixed_imageWithDigest-PASSED,checkov_example__ImageTagFixed_imageWithDigest-PASSED,1,0,1,isolated,0,1,1,checkov_example__ImageTagFixed_imageWithDigest-PASSED.npz
checkov_example__ImageTagFixed_imageWithTagAndDigest-PASSED,checkov_example__ImageTagFixed_imageWithTagAndDigest-PASSED,1,0,1,isolated,0,1,1,checkov_example__ImageTagFixed_imageWithTagAndDigest-PASSED.npz
checkov_example__ImageTagFixed_job-ImageTagLatest-FAILED,checkov_example__ImageTagFixed_job-ImageTagLatest-FAILED,1,0,1,isolated,0,1,1,checkov_example__ImageTagFixed_job-ImageTagLatest-FAILED.npz
checkov_example__ImageTagFixed_kafka-ImageWithRepo-PASSED,checkov_example__ImageTagFixed_kafka-ImageWithRepo-PASSED,1,0,1,isolated,0,1,1,checkov_example__ImageTagFixed_kafka-ImageWithRepo-PASSED.npz
checkov_example__ImageTagFixed_kafka-PASSED,checkov_example__ImageTagFixed_kafka-PASSED,1,0,1,isolated,0,1,1,checkov_example__ImageTagFixed_kafka-PASSED.npz
checkov_example__KubeControllerManagerBlockProfiles_ApiServer-FAILED,checkov_example__KubeControllerManagerBlockProfiles_ApiServer-FAILED,1,0,1,isolated,1,1,1,checkov_example__KubeControllerManagerBlockProfiles_ApiServer-FAILED.npz
checkov_example__KubeControllerManagerBlockProfiles_ApiServer-FAILED__2,checkov_example__KubeControllerManagerBlockProfiles_ApiServer-FAILED__2,1,0,1,isolated,1,1,1,checkov_example__KubeControllerManagerBlockProfiles_ApiServer-FAILED__2.npz
checkov_example__KubeControllerManagerBlockProfiles_ApiServer-PASSED,checkov_example__KubeControllerManagerBlockProfiles_ApiServer-PASSED,1,0,1,isolated,1,1,1,checkov_example__KubeControllerManagerBlockProfiles_ApiServer-PASSED.npz
checkov_example__KubeControllerManagerRootCAFile_ApiServer-FAILED,checkov_example__KubeControllerManagerRootCAFile_ApiServer-FAILED,1,0,1,isolated,1,1,1,checkov_example__KubeControllerManagerRootCAFile_ApiServer-FAILED.npz
checkov_example__KubeControllerManagerRootCAFile_ApiServer-PASSED,checkov_example__KubeControllerManagerRootCAFile_ApiServer-PASSED,1,0,1,isolated,1,1,1,checkov_example__KubeControllerManagerRootCAFile_ApiServer-PASSED.npz
checkov_example__KubeControllerManagerRootCAFile_ApiServer-PASSED__2,checkov_example__KubeControllerManagerRootCAFile_ApiServer-PASSED__2,1,0,1,isolated,1,1,1,checkov_example__KubeControllerManagerRootCAFile_ApiServer-PASSED__2.npz
checkov_example__KubeControllerManagerServiceAccountCredentials_ApiServer-FAILED,checkov_example__KubeControllerManagerServiceAccountCredentials_ApiServer-FAILED,1,0,1,isolated,1,1,1,checkov_example__KubeControllerManagerServiceAccountCredentials_ApiServer-FAILED.npz
checkov_example__KubeControllerManagerServiceAccountCredentials_ApiServer-FAILED-2,checkov_example__KubeControllerManagerServiceAccountCredentials_ApiServer-FAILED-2,1,0,1,isolated,1,1,1,checkov_example__KubeControllerManagerServiceAccountCredentials_ApiServer-FAILED-2.npz
checkov_example__KubeControllerManagerServiceAccountCredentials_ApiServer-PASSED,checkov_example__KubeControllerManagerServiceAccountCredentials_ApiServer-PASSED,1,0,1,isolated,1,1,1,checkov_example__KubeControllerManagerServiceAccountCredentials_ApiServer-PASSED.npz
checkov_example__KubeControllerManagerServiceAccountPrivateKeyFile_ApiServer-FAILED,checkov_example__KubeControllerManagerServiceAccountPrivateKeyFile_ApiServer-FAILED,1,0,1,isolated,1,1,1,checkov_example__KubeControllerManagerServiceAccountPrivateKeyFile_ApiServer-FAILED.npz
checkov_example__KubeControllerManagerServiceAccountPrivateKeyFile_ApiServer-PASSED,checkov_example__KubeControllerManagerServiceAccountPrivateKeyFile_ApiServer-PASSED,1,0,1,isolated,1,1,1,checkov_example__KubeControllerManagerServiceAccountPrivateKeyFile_ApiServer-PASSED.npz
checkov_example__KubeControllerManagerServiceAccountPrivateKeyFile_ApiServer-PASSED-2,checkov_example__KubeControllerManagerServiceAccountPrivateKeyFile_ApiServer-PASSED-2,1,0,1,isolated,1,1,1,checkov_example__KubeControllerManagerServiceAccountPrivateKeyFile_ApiServer-PASSED-2.npz
checkov_example__KubeControllerManagerTerminatedPods_ApiServer-FAILED,checkov_example__KubeControllerManagerTerminatedPods_ApiServer-FAILED,1,0,1,isolated,1,1,1,checkov_example__KubeControllerManagerTerminatedPods_ApiServer-FAILED.npz
checkov_example__KubeControllerManagerTerminatedPods_ApiServer-FAILED-2,checkov_example__KubeControllerManagerTerminatedPods_ApiServer-FAILED-2,1,0,1,isolated,1,1,1,checkov_example__KubeControllerManagerTerminatedPods_ApiServer-FAILED-2.npz
checkov_example__KubeControllerManagerTerminatedPods_ApiServer-PASSED,checkov_example__KubeControllerManagerTerminatedPods_ApiServer-PASSED,1,0,1,isolated,1,1,1,checkov_example__KubeControllerManagerTerminatedPods_ApiServer-PASSED.npz
checkov_example__KubeControllerManagerTerminatedPods_ApiServer-PASSED-2,checkov_example__KubeControllerManagerTerminatedPods_ApiServer-PASSED-2,1,0,1,isolated,1,1,1,checkov_example__KubeControllerManagerTerminatedPods_ApiServer-PASSED-2.npz
checkov_example__KubeletAnonymousAuth_KubeletAnonymousAuth-FAILED,checkov_example__KubeletAnonymousAuth_KubeletAnonymousAuth-FAILED,1,0,1,isolated,1,1,1,checkov_example__KubeletAnonymousAuth_KubeletAnonymousAuth-FAILED.npz
checkov_example__KubeletAnonymousAuth_KubeletAnonymousAuth-PASSED,checkov_example__KubeletAnonymousAuth_KubeletAnonymousAuth-PASSED,1,0,1,isolated,1,1,1,checkov_example__KubeletAnonymousAuth_KubeletAnonymousAuth-PASSED.npz
checkov_example__KubeletAuthorizationModeNotAlwaysAllow_KubeletAuthorizationModeNotAlwaysAllow-FAILED,checkov_example__KubeletAuthorizationModeNotAlwaysAllow_KubeletAuthorizationModeNotAlwaysAllow-FAILED,1,0,1,isolated,1,1,1,checkov_example__KubeletAuthorizationModeNotAlwaysAllow_KubeletAuthorizationModeNotAlwaysAllow-FAILED.npz
checkov_example__KubeletAuthorizationModeNotAlwaysAllow_KubeletAuthorizationModeNotAlwaysAllow-PASSED,checkov_example__KubeletAuthorizationModeNotAlwaysAllow_KubeletAuthorizationModeNotAlwaysAllow-PASSED,1,0,1,isolated,1,1,1,checkov_example__KubeletAuthorizationModeNotAlwaysAllow_KubeletAuthorizationModeNotAlwaysAllow-PASSED.npz
checkov_example__KubeletClientCa_KubeletClientCa-FAILED,checkov_example__KubeletClientCa_KubeletClientCa-FAILED,1,0,1,isolated,1,1,1,checkov_example__KubeletClientCa_KubeletClientCa-FAILED.npz
checkov_example__KubeletClientCa_KubeletClientCa-PASSED,checkov_example__KubeletClientCa_KubeletClientCa-PASSED,1,0,1,isolated,1,1,1,checkov_example__KubeletClientCa_KubeletClientCa-PASSED.npz
checkov_example__KubeletCryptographicCiphers_KubeletCryptographicCiphers-FAILED,checkov_example__KubeletCryptographicCiphers_KubeletCryptographicCiphers-FAILED,1,0,1,isolated,1,1,1,checkov_example__KubeletCryptographicCiphers_KubeletCryptographicCiphers-FAILED.npz
checkov_example__KubeletCryptographicCiphers_KubeletCryptographicCiphers-PASSED,checkov_example__KubeletCryptographicCiphers_KubeletCryptographicCiphers-PASSED,1,0,1,isolated,1,1,1,checkov_example__KubeletCryptographicCiphers_KubeletCryptographicCiphers-PASSED.npz
checkov_example__KubeletHostnameOverride_KubeletHostnameOverride-FAILED,checkov_example__KubeletHostnameOverride_KubeletHostnameOverride-FAILED,1,0,1,isolated,1,1,1,checkov_example__KubeletHostnameOverride_KubeletHostnameOverride-FAILED.npz
checkov_example__KubeletHostnameOverride_KubeletHostnameOverride-PASSED,checkov_example__KubeletHostnameOverride_KubeletHostnameOverride-PASSED,1,0,1,isolated,1,1,1,checkov_example__KubeletHostnameOverride_KubeletHostnameOverride-PASSED.npz
checkov_example__KubeletKeyFilesSetAppropriate_KubeletKeyFilesSetAppropriate-FAILED,checkov_example__KubeletKeyFilesSetAppropriate_KubeletKeyFilesSetAppropriate-FAILED,1,0,1,isolated,1,1,1,checkov_example__KubeletKeyFilesSetAppropriate_KubeletKeyFilesSetAppropriate-FAILED.npz
checkov_example__KubeletKeyFilesSetAppropriate_KubeletKeyFilesSetAppropriate-PASSED,checkov_example__KubeletKeyFilesSetAppropriate_KubeletKeyFilesSetAppropriate-PASSED,1,0,1,isolated,1,1,1,checkov_example__KubeletKeyFilesSetAppropriate_KubeletKeyFilesSetAppropriate-PASSED.npz
checkov_example__KubeletMakeIptablesUtilChains_KubeletMakeIptablesUtilChains-FAILED,checkov_example__KubeletMakeIptablesUtilChains_KubeletMakeIptablesUtilChains-FAILED,1,0,1,isolated,1,1,1,checkov_example__KubeletMakeIptablesUtilChains_KubeletMakeIptablesUtilChains-FAILED.npz
checkov_example__KubeletMakeIptablesUtilChains_KubeletMakeIptablesUtilChains-PASSED,checkov_example__KubeletMakeIptablesUtilChains_KubeletMakeIptablesUtilChains-PASSED,1,0,1,isolated,1,1,1,checkov_example__KubeletMakeIptablesUtilChains_KubeletMakeIptablesUtilChains-PASSED.npz
checkov_example__KubeletProtectKernelDefaults_KubeletProtectKernelDefaults-FAILED,checkov_example__KubeletProtectKernelDefaults_KubeletProtectKernelDefaults-FAILED,1,0,1,isolated,1,1,1,checkov_example__KubeletProtectKernelDefaults_KubeletProtectKernelDefaults-FAILED.npz
checkov_example__KubeletProtectKernelDefaults_KubeletProtectKernelDefaults-PASSED,checkov_example__KubeletProtectKernelDefaults_KubeletProtectKernelDefaults-PASSED,1,0,1,isolated,1,1,1,checkov_example__KubeletProtectKernelDefaults_KubeletProtectKernelDefaults-PASSED.npz
checkov_example__KubeletReadOnlyPort_KubeletReadOnlyPort-FAILED,checkov_example__KubeletReadOnlyPort_KubeletReadOnlyPort-FAILED,1,0,1,isolated,1,1,1,checkov_example__KubeletReadOnlyPort_KubeletReadOnlyPort-FAILED.npz
checkov_example__KubeletReadOnlyPort_KubeletReadOnlyPort-PASSED,checkov_example__KubeletReadOnlyPort_KubeletReadOnlyPort-PASSED,1,0,1,isolated,1,1,1,checkov_example__KubeletReadOnlyPort_KubeletReadOnlyPort-PASSED.npz
checkov_example__KubeletStreamingConnectionIdleTimeout_KubeletStreamingConnectionIdleTimeout-FAILED,checkov_example__KubeletStreamingConnectionIdleTimeout_KubeletStreamingConnectionIdleTimeout-FAILED,1,0,1,isolated,1,1,1,checkov_example__KubeletStreamingConnectionIdleTimeout_KubeletStreamingConnectionIdleTimeout-FAILED.npz
checkov_example__KubeletStreamingConnectionIdleTimeout_KubeletStreamingConnectionIdleTimeout-PASSED,checkov_example__KubeletStreamingConnectionIdleTimeout_KubeletStreamingConnectionIdleTimeout-PASSED,1,0,1,isolated,1,1,1,checkov_example__KubeletStreamingConnectionIdleTimeout_KubeletStreamingConnectionIdleTimeout-PASSED.npz
checkov_example__KubernetesDashboard_kube-dashboard-FAILED,checkov_example__KubernetesDashboard_kube-dashboard-FAILED,1,0,1,isolated,0,1,1,checkov_example__KubernetesDashboard_kube-dashboard-FAILED.npz
checkov_example__KubernetesDashboard_kube-dashboard-no-image-FAILED,checkov_example__KubernetesDashboard_kube-dashboard-no-image-FAILED,1,0,1,isolated,0,1,1,checkov_example__KubernetesDashboard_kube-dashboard-no-image-FAILED.npz
checkov_example__KubernetesDashboard_kube-dashboard-no-image-PASSED,checkov_example__KubernetesDashboard_kube-dashboard-no-image-PASSED,1,0,1,isolated,0,1,1,checkov_example__KubernetesDashboard_kube-dashboard-no-image-PASSED.npz
checkov_example__KubernetesDashboard_kubernetes-dashboard-deployment,checkov_example__KubernetesDashboard_kubernetes-dashboard-deployment,1,0,1,isolated,0,1,1,checkov_example__KubernetesDashboard_kubernetes-dashboard-deployment.npz
checkov_example__KubernetesDashboard_nginx-deployment-FAILED,checkov_example__KubernetesDashboard_nginx-deployment-FAILED,1,0,1,isolated,0,1,1,checkov_example__KubernetesDashboard_nginx-deployment-FAILED.npz
checkov_example__KubernetesDashboard_nginx-deployment-PASSED,checkov_example__KubernetesDashboard_nginx-deployment-PASSED,1,0,1,isolated,0,1,1,checkov_example__KubernetesDashboard_nginx-deployment-PASSED.npz
checkov_example__KubletEventCapture_KubletEventCapture-FAILED,checkov_example__KubletEventCapture_KubletEventCapture-FAILED,1,0,1,isolated,1,1,1,checkov_example__KubletEventCapture_KubletEventCapture-FAILED.npz
checkov_example__KubletEventCapture_KubletEventCapture-PASSED,checkov_example__KubletEventCapture_KubletEventCapture-PASSED,1,0,1,isolated,1,1,1,checkov_example__KubletEventCapture_KubletEventCapture-PASSED.npz
checkov_example__KubletRotateCertificates_KubletRotateCertificates-FAILED,checkov_example__KubletRotateCertificates_KubletRotateCertificates-FAILED,1,0,1,isolated,1,1,1,checkov_example__KubletRotateCertificates_KubletRotateCertificates-FAILED.npz
checkov_example__KubletRotateCertificates_KubletRotateCertificates-PASSED,checkov_example__KubletRotateCertificates_KubletRotateCertificates-PASSED,1,0,1,isolated,1,1,1,checkov_example__KubletRotateCertificates_KubletRotateCertificates-PASSED.npz
checkov_example__LivenessReadiness_pod-liveness-readiness-2pods,checkov_example__LivenessReadiness_pod-liveness-readiness-2pods,1,0,1,isolated,0,1,1,checkov_example__LivenessReadiness_pod-liveness-readiness-2pods.npz
checkov_example__LivenessReadiness_pod-liveness-readiness-PASSED,checkov_example__LivenessReadiness_pod-liveness-readiness-PASSED,1,0,1,isolated,0,1,1,checkov_example__LivenessReadiness_pod-liveness-readiness-PASSED.npz
checkov_example__NoDefaultNamespace_Dev-PASSED,checkov_example__NoDefaultNamespace_Dev-PASSED,1,0,1,isolated,0,1,1,checkov_example__NoDefaultNamespace_Dev-PASSED.npz
checkov_example__PeerClientCertAuthTrue_PeerClientCertAuthTrue-FAILED,checkov_example__PeerClientCertAuthTrue_PeerClientCertAuthTrue-FAILED,1,0,1,isolated,1,1,1,checkov_example__PeerClientCertAuthTrue_PeerClientCertAuthTrue-FAILED.npz
checkov_example__PeerClientCertAuthTrue_PeerClientCertAuthTrue-FAILED2,checkov_example__PeerClientCertAuthTrue_PeerClientCertAuthTrue-FAILED2,1,0,1,isolated,1,1,1,checkov_example__PeerClientCertAuthTrue_PeerClientCertAuthTrue-FAILED2.npz
checkov_example__PeerClientCertAuthTrue_PeerClientCertAuthTrue-PASSED,checkov_example__PeerClientCertAuthTrue_PeerClientCertAuthTrue-PASSED,1,0,1,isolated,1,1,1,checkov_example__PeerClientCertAuthTrue_PeerClientCertAuthTrue-PASSED.npz
checkov_example__PeerClientCertAuthTrue_PeerClientCertAuthTrue-UNKNOWN,checkov_example__PeerClientCertAuthTrue_PeerClientCertAuthTrue-UNKNOWN,1,0,1,isolated,1,1,1,checkov_example__PeerClientCertAuthTrue_PeerClientCertAuthTrue-UNKNOWN.npz
checkov_example__PrivilegedContainers_nginx-deployment-PASSED,checkov_example__PrivilegedContainers_nginx-deployment-PASSED,1,0,1,isolated,0,1,1,checkov_example__PrivilegedContainers_nginx-deployment-PASSED.npz
checkov_example__PrivilegedContainers_privilegedDaemonSet-FAILED,checkov_example__PrivilegedContainers_privilegedDaemonSet-FAILED,1,0,1,isolated,1,1,1,checkov_example__PrivilegedContainers_privilegedDaemonSet-FAILED.npz
checkov_example__PrivilegedContainers_privilegedPod-FAILED,checkov_example__PrivilegedContainers_privilegedPod-FAILED,1,0,1,isolated,1,1,1,checkov_example__PrivilegedContainers_privilegedPod-FAILED.npz
checkov_example__ReadOnlyFilesystem_frontend-replicaset-FAILED,checkov_example__ReadOnlyFilesystem_frontend-replicaset-FAILED,1,0,1,isolated,0,1,1,checkov_example__ReadOnlyFilesystem_frontend-replicaset-FAILED.npz
checkov_example__ReadOnlyFilesystem_pod-readonly-PASSED,checkov_example__ReadOnlyFilesystem_pod-readonly-PASSED,1,0,1,isolated,0,1,1,checkov_example__ReadOnlyFilesystem_pod-readonly-PASSED.npz
checkov_example__ReadOnlyFilesystem_pod-readonly-false-FAILED,checkov_example__ReadOnlyFilesystem_pod-readonly-false-FAILED,1,0,1,isolated,0,1,1,checkov_example__ReadOnlyFilesystem_pod-readonly-false-FAILED.npz
checkov_example__Requests__Limits_cronjob-request-limit-1FAILED,checkov_example__Requests__Limits_cronjob-request-limit-1FAILED,1,0,1,isolated,0,1,1,checkov_example__Requests__Limits_cronjob-request-limit-1FAILED.npz
checkov_example__Requests__Limits_pod-requests-limits-1FAILED1PASSED,checkov_example__Requests__Limits_pod-requests-limits-1FAILED1PASSED,1,0,1,isolated,0,1,1,checkov_example__Requests__Limits_pod-requests-limits-1FAILED1PASSED.npz
checkov_example__Requests__Limits_pod-requests-limits-2PASSED,checkov_example__Requests__Limits_pod-requests-limits-2PASSED,1,0,1,isolated,0,1,1,checkov_example__Requests__Limits_pod-requests-limits-2PASSED.npz
checkov_example__Requests__Limits_pod-requests-limits-UNKNOWN2,checkov_example__Requests__Limits_pod-requests-limits-UNKNOWN2,1,0,1,isolated,0,1,1,checkov_example__Requests__Limits_pod-requests-limits-UNKNOWN2.npz
checkov_example__RootContainersHighUID_rootContainersHighUIDPASSED,checkov_example__RootContainersHighUID_rootContainersHighUIDPASSED,1,0,1,isolated,0,1,1,checkov_example__RootContainersHighUID_rootContainersHighUIDPASSED.npz
checkov_example__RootContainers_rootContainersPASSED,checkov_example__RootContainers_rootContainersPASSED,1,0,1,isolated,0,1,1,checkov_example__RootContainers_rootContainersPASSED.npz
checkov_example__RotateKubeletServerCertificate_KubeControllerManagerRotateKubeletServerCertificate-FAILED,checkov_example__RotateKubeletServerCertificate_KubeControllerManagerRotateKubeletServerCertificate-FAILED,1,0,1,isolated,1,1,1,checkov_example__RotateKubeletServerCertificate_KubeControllerManagerRotateKubeletServerCertificate-FAILED.npz
checkov_example__RotateKubeletServerCertificate_KubeControllerManagerRotateKubeletServerCertificate-PASSED,checkov_example__RotateKubeletServerCertificate_KubeControllerManagerRotateKubeletServerCertificate-PASSED,1,0,1,isolated,1,1,1,checkov_example__RotateKubeletServerCertificate_KubeControllerManagerRotateKubeletServerCertificate-PASSED.npz
checkov_example__RotateKubeletServerCertificate_KubletRotateKubeletServerCertificate-FAILED,checkov_example__RotateKubeletServerCertificate_KubletRotateKubeletServerCertificate-FAILED,1,0,1,isolated,1,1,1,checkov_example__RotateKubeletServerCertificate_KubletRotateKubeletServerCertificate-FAILED.npz
checkov_example__RotateKubeletServerCertificate_KubletRotateKubeletServerCertificate-PASSED,checkov_example__RotateKubeletServerCertificate_KubletRotateKubeletServerCertificate-PASSED,1,0,1,isolated,1,1,1,checkov_example__RotateKubeletServerCertificate_KubletRotateKubeletServerCertificate-PASSED.npz
checkov_example__SchedulerBindAddress_SchedulerBindAddress-FAILED,checkov_example__SchedulerBindAddress_SchedulerBindAddress-FAILED,1,0,1,isolated,1,1,1,checkov_example__SchedulerBindAddress_SchedulerBindAddress-FAILED.npz
checkov_example__SchedulerBindAddress_SchedulerBindAddress-FAILED-2,checkov_example__SchedulerBindAddress_SchedulerBindAddress-FAILED-2,1,0,1,isolated,1,1,1,checkov_example__SchedulerBindAddress_SchedulerBindAddress-FAILED-2.npz
checkov_example__SchedulerBindAddress_SchedulerBindAddress-PASSED,checkov_example__SchedulerBindAddress_SchedulerBindAddress-PASSED,1,0,1,isolated,1,1,1,checkov_example__SchedulerBindAddress_SchedulerBindAddress-PASSED.npz
checkov_example__SchedulerProfiling_SchedulerProfiling-FAILED,checkov_example__SchedulerProfiling_SchedulerProfiling-FAILED,1,0,1,isolated,1,1,1,checkov_example__SchedulerProfiling_SchedulerProfiling-FAILED.npz
checkov_example__SchedulerProfiling_SchedulerProfiling-PASSED,checkov_example__SchedulerProfiling_SchedulerProfiling-PASSED,1,0,1,isolated,1,1,1,checkov_example__SchedulerProfiling_SchedulerProfiling-PASSED.npz
checkov_example__Seccomp_cronjob-seccomp-FAILED,checkov_example__Seccomp_cronjob-seccomp-FAILED,1,0,1,isolated,0,1,1,checkov_example__Seccomp_cronjob-seccomp-FAILED.npz
checkov_example__Seccomp_cronjob-seccomp-PASSED,checkov_example__Seccomp_cronjob-seccomp-PASSED,1,0,1,isolated,0,1,1,checkov_example__Seccomp_cronjob-seccomp-PASSED.npz
checkov_example__Seccomp_cronjob-seccomp-PASSED2,checkov_example__Seccomp_cronjob-seccomp-PASSED2,1,0,1,isolated,0,1,1,checkov_example__Seccomp_cronjob-seccomp-PASSED2.npz
checkov_example__Seccomp_cronjob-seccomp-PASSED3,checkov_example__Seccomp_cronjob-seccomp-PASSED3,1,0,1,isolated,0,1,1,checkov_example__Seccomp_cronjob-seccomp-PASSED3.npz
checkov_example__Seccomp_cronjob-seccomp-securityContext-PASSED,checkov_example__Seccomp_cronjob-seccomp-securityContext-PASSED,1,0,1,isolated,0,1,1,checkov_example__Seccomp_cronjob-seccomp-securityContext-PASSED.npz
checkov_example__Seccomp_pod-seccomp-FAILED,checkov_example__Seccomp_pod-seccomp-FAILED,1,0,1,isolated,0,1,1,checkov_example__Seccomp_pod-seccomp-FAILED.npz
checkov_example__Seccomp_pod-seccomp-FAILED2,checkov_example__Seccomp_pod-seccomp-FAILED2,1,0,1,isolated,0,1,1,checkov_example__Seccomp_pod-seccomp-FAILED2.npz
checkov_example__Seccomp_pod-seccomp-FAILED3,checkov_example__Seccomp_pod-seccomp-FAILED3,1,0,1,isolated,0,1,1,checkov_example__Seccomp_pod-seccomp-FAILED3.npz
checkov_example__Seccomp_pod-seccomp-PASSED,checkov_example__Seccomp_pod-seccomp-PASSED,1,0,1,isolated,0,1,1,checkov_example__Seccomp_pod-seccomp-PASSED.npz
checkov_example__Seccomp_pod-seccomp-PASSED2,checkov_example__Seccomp_pod-seccomp-PASSED2,1,0,1,isolated,0,1,1,checkov_example__Seccomp_pod-seccomp-PASSED2.npz
checkov_example__Seccomp_pod-seccomp-PASSED3,checkov_example__Seccomp_pod-seccomp-PASSED3,1,0,1,isolated,0,1,1,checkov_example__Seccomp_pod-seccomp-PASSED3.npz
checkov_example__Seccomp_pod-seccomp-PASSED4,checkov_example__Seccomp_pod-seccomp-PASSED4,1,0,1,isolated,0,1,1,checkov_example__Seccomp_pod-seccomp-PASSED4.npz
checkov_example__Seccomp_pod-seccomp-PASSED5,checkov_example__Seccomp_pod-seccomp-PASSED5,1,0,1,isolated,0,1,1,checkov_example__Seccomp_pod-seccomp-PASSED5.npz
checkov_example__Seccomp_pod-seccomp-PASSED6,checkov_example__Seccomp_pod-seccomp-PASSED6,1,0,1,isolated,0,1,1,checkov_example__Seccomp_pod-seccomp-PASSED6.npz
checkov_example__Seccomp_pod-seccomp-PASSED7,checkov_example__Seccomp_pod-seccomp-PASSED7,1,0,1,isolated,0,1,1,checkov_example__Seccomp_pod-seccomp-PASSED7.npz
checkov_example__Seccomp_template,checkov_example__Seccomp_template,1,0,1,isolated,0,1,1,checkov_example__Seccomp_template.npz
checkov_example__Secrets_nginx-NoSecret-PASSED,checkov_example__Secrets_nginx-NoSecret-PASSED,1,0,1,isolated,0,1,1,checkov_example__Secrets_nginx-NoSecret-PASSED.npz
checkov_example__Secrets_pod-secretEnvironment-FAILED,checkov_example__Secrets_pod-secretEnvironment-FAILED,1,0,1,isolated,0,1,1,checkov_example__Secrets_pod-secretEnvironment-FAILED.npz
checkov_example__Secrets_pod-secretVolume-PASSED,checkov_example__Secrets_pod-secretVolume-PASSED,1,0,1,isolated,0,1,1,checkov_example__Secrets_pod-secretVolume-PASSED.npz
checkov_example__Secrets_pod-secretsEnvironment-UNKNOWN,checkov_example__Secrets_pod-secretsEnvironment-UNKNOWN,1,0,1,isolated,0,1,1,checkov_example__Secrets_pod-secretsEnvironment-UNKNOWN.npz
checkov_example__SecurityContexts_frontend-replicaset-both-FAILED,checkov_example__SecurityContexts_frontend-replicaset-both-FAILED,1,0,1,isolated,0,1,1,checkov_example__SecurityContexts_frontend-replicaset-both-FAILED.npz
checkov_example__SecurityContexts_pod-container-both-PASSED,checkov_example__SecurityContexts_pod-container-both-PASSED,1,0,1,isolated,0,1,1,checkov_example__SecurityContexts_pod-container-both-PASSED.npz
checkov_example__SecurityContexts_podFAILED-containerPASSED,checkov_example__SecurityContexts_podFAILED-containerPASSED,1,0,1,isolated,0,1,1,checkov_example__SecurityContexts_podFAILED-containerPASSED.npz
checkov_example__SecurityContexts_podPassed-containerFailed,checkov_example__SecurityContexts_podPassed-containerFailed,1,0,1,isolated,1,1,1,checkov_example__SecurityContexts_podPassed-containerFailed.npz
checkov_example__ServiceAccountTokens_ServiceAccountTokensFAILED,checkov_example__ServiceAccountTokens_ServiceAccountTokensFAILED,1,0,1,isolated,0,1,1,checkov_example__ServiceAccountTokens_ServiceAccountTokensFAILED.npz
checkov_example__ServiceAccountTokens_ServiceAccountTokensPASSED,checkov_example__ServiceAccountTokens_ServiceAccountTokensPASSED,1,0,1,isolated,0,1,1,checkov_example__ServiceAccountTokens_ServiceAccountTokensPASSED.npz
checkov_example__ShareHost_cronjob-hostresources-FAILED,checkov_example__ShareHost_cronjob-hostresources-FAILED,1,0,1,isolated,1,1,1,checkov_example__ShareHost_cronjob-hostresources-FAILED.npz
checkov_example__ShareHost_jenkinsDeployment-PASSED,checkov_example__ShareHost_jenkinsDeployment-PASSED,1,0,1,isolated,0,1,1,checkov_example__ShareHost_jenkinsDeployment-PASSED.npz
checkov_example__ShareHost_memcachedStatefulSet-PASSED,checkov_example__ShareHost_memcachedStatefulSet-PASSED,1,0,1,isolated,0,1,1,checkov_example__ShareHost_memcachedStatefulSet-PASSED.npz
checkov_example__ShareHost_privilegedDaemonSet-FAILED,checkov_example__ShareHost_privilegedDaemonSet-FAILED,1,0,1,isolated,1,1,1,checkov_example__ShareHost_privilegedDaemonSet-FAILED.npz
checkov_example__ShareHost_privilegedPod-FAILED,checkov_example__ShareHost_privilegedPod-FAILED,1,0,1,isolated,1,1,1,checkov_example__ShareHost_privilegedPod-FAILED.npz
checkov_example__ShareHost_privilegedPod-PASS,checkov_example__ShareHost_privilegedPod-PASS,1,0,1,isolated,1,1,1,checkov_example__ShareHost_privilegedPod-PASS.npz
checkov_example__Suppressed_suppress-checks-PASSED,checkov_example__Suppressed_suppress-checks-PASSED,1,0,1,isolated,1,1,1,checkov_example__Suppressed_suppress-checks-PASSED.npz
checkov_example__TillerDeploymentListener_tiller-deployment__FAILED__WRONGARG,checkov_example__TillerDeploymentListener_tiller-deployment__FAILED__WRONGARG,1,0,1,isolated,0,1,1,checkov_example__TillerDeploymentListener_tiller-deployment__FAILED__WRONGARG.npz
checkov_example__Tiller_nginx-deployment-PASSED,checkov_example__Tiller_nginx-deployment-PASSED,1,0,1,isolated,0,1,1,checkov_example__Tiller_nginx-deployment-PASSED.npz
checkov_example__WildcardEntities_nginx-app,checkov_example__WildcardEntities_nginx-app,1,0,1,isolated,0,1,1,checkov_example__WildcardEntities_nginx-app.npz
cloudify-kubernetes-plugin,cloudify-kubernetes-plugin,46,2070,1,isolated,0,0,20,cloudify-kubernetes-plugin.npz
datadog_agent-only,datadog_agent-only,2,2,2,chain,1,2,2,datadog_agent-only.npz
datadog_all-containers,datadog_all-containers,2,2,2,chain,1,2,2,datadog_all-containers.npz
datadog_cluster-agent,datadog_cluster-agent,2,2,2,chain,1,2,2,datadog_cluster-agent.npz
datadog_cluster-agent-datadogmetrics,datadog_cluster-agent-datadogmetrics,2,2,2,chain,1,2,2,datadog_cluster-agent-datadogmetrics.npz
datadog_cluster-checks-runners,datadog_cluster-checks-runners,3,6,2,chain,1,3,3,datadog_cluster-checks-runners.npz
datadog_hpa-example,datadog_hpa-example,1,0,1,isolated,0,1,1,datadog_hpa-example.npz
datadog_kubernetes_state_core,datadog_kubernetes_state_core,2,2,2,chain,1,2,2,datadog_kubernetes_state_core.npz
datadog_orchestrator-explorer,datadog_orchestrator-explorer,2,2,2,chain,1,2,2,datadog_orchestrator-explorer.npz
datadog_security-agent,datadog_security-agent,2,2,2,chain,1,2,2,datadog_security-agent.npz
datree-tests,datree-tests,148,21756,2,chain,8,148,148,datree-tests.npz
eShopOnContainers,eShopOnContainers,23,506,0,clean,0,0,0,eShopOnContainers.npz
emissary,emissary,141,19740,2,chain,1,6,23,emissary.npz
gatekeeper_allow-privilege-escalation_samples_psp-allow-privilege-escalation-container_disallowed__ephemeral,gatekeeper_allow-privilege-escalation_samples_psp-allow-privilege-escalation-container_disallowed__ephemeral,1,0,1,isolated,0,1,1,gatekeeper_allow-privilege-escalation_samples_psp-allow-privilege-escalation-container_disallowed__ephemeral.npz
gatekeeper_allow-privilege-escalation_samples_psp-allow-privilege-escalation-container_example__allowed,gatekeeper_allow-privilege-escalation_samples_psp-allow-privilege-escalation-container_example__allowed,1,0,1,isolated,0,1,1,gatekeeper_allow-privilege-escalation_samples_psp-allow-privilege-escalation-container_example__allowed.npz
gatekeeper_allow-privilege-escalation_samples_psp-allow-privilege-escalation-container_example__allowed__exempt,gatekeeper_allow-privilege-escalation_samples_psp-allow-privilege-escalation-container_example__allowed__exempt,1,0,1,isolated,0,1,1,gatekeeper_allow-privilege-escalation_samples_psp-allow-privilege-escalation-container_example__allowed__exempt.npz
gatekeeper_allow-privilege-escalation_samples_psp-allow-privilege-escalation-container_example__disallowed,gatekeeper_allow-privilege-escalation_samples_psp-allow-privilege-escalation-container_example__disallowed,1,0,1,isolated,0,1,1,gatekeeper_allow-privilege-escalation_samples_psp-allow-privilege-escalation-container_example__disallowed.npz
gatekeeper_apparmor_samples_psp-apparmor_disallowed__ephemeral,gatekeeper_apparmor_samples_psp-apparmor_disallowed__ephemeral,1,0,1,isolated,0,1,1,gatekeeper_apparmor_samples_psp-apparmor_disallowed__ephemeral.npz
gatekeeper_apparmor_samples_psp-apparmor_example__allowed,gatekeeper_apparmor_samples_psp-apparmor_example__allowed,1,0,1,isolated,0,1,1,gatekeeper_apparmor_samples_psp-apparmor_example__allowed.npz
gatekeeper_apparmor_samples_psp-apparmor_example__allowed__container,gatekeeper_apparmor_samples_psp-apparmor_example__allowed__container,1,0,1,isolated,0,1,1,gatekeeper_apparmor_samples_psp-apparmor_example__allowed__container.npz
gatekeeper_apparmor_samples_psp-apparmor_example__allowed__override,gatekeeper_apparmor_samples_psp-apparmor_example__allowed__override,1,0,1,isolated,0,1,1,gatekeeper_apparmor_samples_psp-apparmor_example__allowed__override.npz
gatekeeper_apparmor_samples_psp-apparmor_example__allowed__pod,gatekeeper_apparmor_samples_psp-apparmor_example__allowed__pod,1,0,1,isolated,0,1,1,gatekeeper_apparmor_samples_psp-apparmor_example__allowed__pod.npz
gatekeeper_apparmor_samples_psp-apparmor_example__disallowed,gatekeeper_apparmor_samples_psp-apparmor_example__disallowed,1,0,1,isolated,0,1,1,gatekeeper_apparmor_samples_psp-apparmor_example__disallowed.npz
gatekeeper_apparmor_samples_psp-apparmor_example__disallowed__no__profile,gatekeeper_apparmor_samples_psp-apparmor_example__disallowed__no__profile,1,0,1,isolated,0,1,1,gatekeeper_apparmor_samples_psp-apparmor_example__disallowed__no__profile.npz
gatekeeper_apparmor_samples_psp-apparmor_example__disallowed__override,gatekeeper_apparmor_samples_psp-apparmor_example__disallowed__override,1,0,1,isolated,0,1,1,gatekeeper_apparmor_samples_psp-apparmor_example__disallowed__override.npz
gatekeeper_capabilities_samples_psp-capabilities-baseline_disallowed__ephemeral,gatekeeper_capabilities_samples_psp-capabilities-baseline_disallowed__ephemeral,1,0,1,isolated,0,1,1,gatekeeper_capabilities_samples_psp-capabilities-baseline_disallowed__ephemeral.npz
gatekeeper_capabilities_samples_psp-capabilities-baseline_example__allowed,gatekeeper_capabilities_samples_psp-capabilities-baseline_example__allowed,1,0,1,isolated,0,1,1,gatekeeper_capabilities_samples_psp-capabilities-baseline_example__allowed.npz
gatekeeper_capabilities_samples_psp-capabilities-baseline_example__disallowed,gatekeeper_capabilities_samples_psp-capabilities-baseline_example__disallowed,1,0,1,isolated,1,1,1,gatekeeper_capabilities_samples_psp-capabilities-baseline_example__disallowed.npz
gatekeeper_capabilities_samples_psp-capabilities-restricted_disallowed__ephemeral,gatekeeper_capabilities_samples_psp-capabilities-restricted_disallowed__ephemeral,1,0,1,isolated,0,1,1,gatekeeper_capabilities_samples_psp-capabilities-restricted_disallowed__ephemeral.npz
gatekeeper_capabilities_samples_psp-capabilities-restricted_example__allowed,gatekeeper_capabilities_samples_psp-capabilities-restricted_example__allowed,1,0,1,isolated,0,1,1,gatekeeper_capabilities_samples_psp-capabilities-restricted_example__allowed.npz
gatekeeper_capabilities_samples_psp-capabilities-restricted_example__disallowed,gatekeeper_capabilities_samples_psp-capabilities-restricted_example__disallowed,1,0,1,isolated,1,1,1,gatekeeper_capabilities_samples_psp-capabilities-restricted_example__disallowed.npz
gatekeeper_capabilities_samples_psp-capabilities-restricted_example__drop__all,gatekeeper_capabilities_samples_psp-capabilities-restricted_example__drop__all,1,0,1,isolated,0,1,1,gatekeeper_capabilities_samples_psp-capabilities-restricted_example__drop__all.npz
gatekeeper_flexvolume-drivers_samples_psp-flexvolume-drivers_example__allowed,gatekeeper_flexvolume-drivers_samples_psp-flexvolume-drivers_example__allowed,1,0,1,isolated,0,1,1,gatekeeper_flexvolume-drivers_samples_psp-flexvolume-drivers_example__allowed.npz
gatekeeper_flexvolume-drivers_samples_psp-flexvolume-drivers_example__disallowed,gatekeeper_flexvolume-drivers_samples_psp-flexvolume-drivers_example__disallowed,1,0,1,isolated,0,1,1,gatekeeper_flexvolume-drivers_samples_psp-flexvolume-drivers_example__disallowed.npz
gatekeeper_forbidden-sysctls_samples_psp-forbidden-sysctls_example__allowed,gatekeeper_forbidden-sysctls_samples_psp-forbidden-sysctls_example__allowed,1,0,1,isolated,0,1,1,gatekeeper_forbidden-sysctls_samples_psp-forbidden-sysctls_example__allowed.npz
gatekeeper_forbidden-sysctls_samples_psp-forbidden-sysctls_example__disallowed,gatekeeper_forbidden-sysctls_samples_psp-forbidden-sysctls_example__disallowed,1,0,1,isolated,0,1,1,gatekeeper_forbidden-sysctls_samples_psp-forbidden-sysctls_example__disallowed.npz
gatekeeper_fsgroup_samples_psp-fsgroup_example__allowed,gatekeeper_fsgroup_samples_psp-fsgroup_example__allowed,1,0,1,isolated,0,1,1,gatekeeper_fsgroup_samples_psp-fsgroup_example__allowed.npz
gatekeeper_fsgroup_samples_psp-fsgroup_example__disallowed,gatekeeper_fsgroup_samples_psp-fsgroup_example__disallowed,1,0,1,isolated,0,1,1,gatekeeper_fsgroup_samples_psp-fsgroup_example__disallowed.npz
gatekeeper_host-filesystem_samples_no-host-paths_example__allowed__no__volumes,gatekeeper_host-filesystem_samples_no-host-paths_example__allowed__no__volumes,1,0,1,isolated,0,1,1,gatekeeper_host-filesystem_samples_no-host-paths_example__allowed__no__volumes.npz
gatekeeper_host-filesystem_samples_psp-host-filesystem_disallowed__ephemeral,gatekeeper_host-filesystem_samples_psp-host-filesystem_disallowed__ephemeral,1,0,1,isolated,1,1,1,gatekeeper_host-filesystem_samples_psp-host-filesystem_disallowed__ephemeral.npz
gatekeeper_host-filesystem_samples_psp-host-filesystem_example__allowed,gatekeeper_host-filesystem_samples_psp-host-filesystem_example__allowed,1,0,1,isolated,1,1,1,gatekeeper_host-filesystem_samples_psp-host-filesystem_example__allowed.npz
gatekeeper_host-filesystem_samples_psp-host-filesystem_example__disallowed,gatekeeper_host-filesystem_samples_psp-host-filesystem_example__disallowed,1,0,1,isolated,1,1,1,gatekeeper_host-filesystem_samples_psp-host-filesystem_example__disallowed.npz
gatekeeper_host-namespaces_samples_psp-host-namespace_example__allowed,gatekeeper_host-namespaces_samples_psp-host-namespace_example__allowed,1,0,1,isolated,0,1,1,gatekeeper_host-namespaces_samples_psp-host-namespace_example__allowed.npz
gatekeeper_host-namespaces_samples_psp-host-namespace_example__disallowed,gatekeeper_host-namespaces_samples_psp-host-namespace_example__disallowed,1,0,1,isolated,1,1,1,gatekeeper_host-namespaces_samples_psp-host-namespace_example__disallowed.npz
gatekeeper_host-network-ports_samples_port__range__block__host__network_example__disallowed__exempted__container__host__network__enabled,gatekeeper_host-network-ports_samples_port__range__block__host__network_example__disallowed__exempted__container__host__network__enabled,1,0,1,isolated,1,1,1,gatekeeper_host-network-ports_samples_port__range__block__host__network_example__disallowed__exempted__container__host__network__enabled.npz
gatekeeper_host-network-ports_samples_port__range__block__host__network_example__disallowed__out__of__range__host__network__true,gatekeeper_host-network-ports_samples_port__range__block__host__network_example__disallowed__out__of__range__host__network__true,1,0,1,isolated,1,1,1,gatekeeper_host-network-ports_samples_port__range__block__host__network_example__disallowed__out__of__range__host__network__true.npz
gatekeeper_host-network-ports_samples_psp-host-network-ports_disallowed__ephemeral,gatekeeper_host-network-ports_samples_psp-host-network-ports_disallowed__ephemeral,1,0,1,isolated,1,1,1,gatekeeper_host-network-ports_samples_psp-host-network-ports_disallowed__ephemeral.npz
gatekeeper_host-network-ports_samples_psp-host-network-ports_example__allowed__in__range,gatekeeper_host-network-ports_samples_psp-host-network-ports_example__allowed__in__range,1,0,1,isolated,0,1,1,gatekeeper_host-network-ports_samples_psp-host-network-ports_example__allowed__in__range.npz
gatekeeper_host-network-ports_samples_psp-host-network-ports_example__allowed__no__ports,gatekeeper_host-network-ports_samples_psp-host-network-ports_example__allowed__no__ports,1,0,1,isolated,1,1,1,gatekeeper_host-network-ports_samples_psp-host-network-ports_example__allowed__no__ports.npz
gatekeeper_host-network-ports_samples_psp-host-network-ports_example__allowed__no__ports__host__network__false,gatekeeper_host-network-ports_samples_psp-host-network-ports_example__allowed__no__ports__host__network__false,1,0,1,isolated,0,1,1,gatekeeper_host-network-ports_samples_psp-host-network-ports_example__allowed__no__ports__host__network__false.npz
gatekeeper_host-network-ports_samples_psp-host-network-ports_example__allowed__no__ports__host__network__true,gatekeeper_host-network-ports_samples_psp-host-network-ports_example__allowed__no__ports__host__network__true,1,0,1,isolated,1,1,1,gatekeeper_host-network-ports_samples_psp-host-network-ports_example__allowed__no__ports__host__network__true.npz
gatekeeper_host-network-ports_samples_psp-host-network-ports_example__allowed__out__of__range__exempted,gatekeeper_host-network-ports_samples_psp-host-network-ports_example__allowed__out__of__range__exempted,1,0,1,isolated,1,1,1,gatekeeper_host-network-ports_samples_psp-host-network-ports_example__allowed__out__of__range__exempted.npz
gatekeeper_host-probes-lifecycle_samples_psp-host-probes-lifecycle_disallowed__ephemeral__lifecycle,gatekeeper_host-probes-lifecycle_samples_psp-host-probes-lifecycle_disallowed__ephemeral__lifecycle,1,0,1,isolated,0,1,1,gatekeeper_host-probes-lifecycle_samples_psp-host-probes-lifecycle_disallowed__ephemeral__lifecycle.npz
gatekeeper_host-probes-lifecycle_samples_psp-host-probes-lifecycle_disallowed__ephemeral__probe,gatekeeper_host-probes-lifecycle_samples_psp-host-probes-lifecycle_disallowed__ephemeral__probe,1,0,1,isolated,0,1,1,gatekeeper_host-probes-lifecycle_samples_psp-host-probes-lifecycle_disallowed__ephemeral__probe.npz
gatekeeper_host-probes-lifecycle_samples_psp-host-probes-lifecycle_disallowed__init__lifecycle,gatekeeper_host-probes-lifecycle_samples_psp-host-probes-lifecycle_disallowed__init__lifecycle,1,0,1,isolated,0,1,1,gatekeeper_host-probes-lifecycle_samples_psp-host-probes-lifecycle_disallowed__init__lifecycle.npz
gatekeeper_host-probes-lifecycle_samples_psp-host-probes-lifecycle_disallowed__init__probe,gatekeeper_host-probes-lifecycle_samples_psp-host-probes-lifecycle_disallowed__init__probe,1,0,1,isolated,0,1,1,gatekeeper_host-probes-lifecycle_samples_psp-host-probes-lifecycle_disallowed__init__probe.npz
gatekeeper_host-probes-lifecycle_samples_psp-host-probes-lifecycle_example__allowed__no__probes,gatekeeper_host-probes-lifecycle_samples_psp-host-probes-lifecycle_example__allowed__no__probes,1,0,1,isolated,0,1,1,gatekeeper_host-probes-lifecycle_samples_psp-host-probes-lifecycle_example__allowed__no__probes.npz
gatekeeper_host-probes-lifecycle_samples_psp-host-probes-lifecycle_example__allowed__probe__no__host,gatekeeper_host-probes-lifecycle_samples_psp-host-probes-lifecycle_example__allowed__probe__no__host,1,0,1,isolated,0,1,1,gatekeeper_host-probes-lifecycle_samples_psp-host-probes-lifecycle_example__allowed__probe__no__host.npz
gatekeeper_host-probes-lifecycle_samples_psp-host-probes-lifecycle_example__disallowed__lifecycle__poststart,gatekeeper_host-probes-lifecycle_samples_psp-host-probes-lifecycle_example__disallowed__lifecycle__poststart,1,0,1,isolated,0,1,1,gatekeeper_host-probes-lifecycle_samples_psp-host-probes-lifecycle_example__disallowed__lifecycle__poststart.npz
gatekeeper_host-probes-lifecycle_samples_psp-host-probes-lifecycle_example__disallowed__lifecycle__prestop,gatekeeper_host-probes-lifecycle_samples_psp-host-probes-lifecycle_example__disallowed__lifecycle__prestop,1,0,1,isolated,0,1,1,gatekeeper_host-probes-lifecycle_samples_psp-host-probes-lifecycle_example__disallowed__lifecycle__prestop.npz
gatekeeper_host-probes-lifecycle_samples_psp-host-probes-lifecycle_example__disallowed__liveness__probe,gatekeeper_host-probes-lifecycle_samples_psp-host-probes-lifecycle_example__disallowed__liveness__probe,1,0,1,isolated,0,1,1,gatekeeper_host-probes-lifecycle_samples_psp-host-probes-lifecycle_example__disallowed__liveness__probe.npz
gatekeeper_host-probes-lifecycle_samples_psp-host-probes-lifecycle_example__disallowed__readiness__probe,gatekeeper_host-probes-lifecycle_samples_psp-host-probes-lifecycle_example__disallowed__readiness__probe,1,0,1,isolated,0,1,1,gatekeeper_host-probes-lifecycle_samples_psp-host-probes-lifecycle_example__disallowed__readiness__probe.npz
gatekeeper_host-probes-lifecycle_samples_psp-host-probes-lifecycle_example__disallowed__startup__probe,gatekeeper_host-probes-lifecycle_samples_psp-host-probes-lifecycle_example__disallowed__startup__probe,1,0,1,isolated,0,1,1,gatekeeper_host-probes-lifecycle_samples_psp-host-probes-lifecycle_example__disallowed__startup__probe.npz
gatekeeper_host-probes-lifecycle_samples_psp-host-probes-lifecycle_example__disallowed__tcp__probe,gatekeeper_host-probes-lifecycle_samples_psp-host-probes-lifecycle_example__disallowed__tcp__probe,1,0,1,isolated,0,1,1,gatekeeper_host-probes-lifecycle_samples_psp-host-probes-lifecycle_example__disallowed__tcp__probe.npz
gatekeeper_host-process_samples_psp-host-process_disallowed__ephemeral,gatekeeper_host-process_samples_psp-host-process_disallowed__ephemeral,1,0,1,isolated,0,1,1,gatekeeper_host-process_samples_psp-host-process_disallowed__ephemeral.npz
gatekeeper_host-process_samples_psp-host-process_disallowed__init,gatekeeper_host-process_samples_psp-host-process_disallowed__init,1,0,1,isolated,0,1,1,gatekeeper_host-process_samples_psp-host-process_disallowed__init.npz
gatekeeper_host-process_samples_psp-host-process_example__allowed,gatekeeper_host-process_samples_psp-host-process_example__allowed,1,0,1,isolated,0,1,1,gatekeeper_host-process_samples_psp-host-process_example__allowed.npz
gatekeeper_host-process_samples_psp-host-process_example__disallowed__container__level,gatekeeper_host-process_samples_psp-host-process_example__disallowed__container__level,1,0,1,isolated,0,1,1,gatekeeper_host-process_samples_psp-host-process_example__disallowed__container__level.npz
gatekeeper_host-process_samples_psp-host-process_example__disallowed__pod__level,gatekeeper_host-process_samples_psp-host-process_example__disallowed__pod__level,1,0,1,isolated,1,1,1,gatekeeper_host-process_samples_psp-host-process_example__disallowed__pod__level.npz
gatekeeper_privileged-containers_samples_psp-privileged-container_disallowed__ephemeral,gatekeeper_privileged-containers_samples_psp-privileged-container_disallowed__ephemeral,1,0,1,isolated,0,1,1,gatekeeper_privileged-containers_samples_psp-privileged-container_disallowed__ephemeral.npz
gatekeeper_privileged-containers_samples_psp-privileged-container_example__allowed,gatekeeper_privileged-containers_samples_psp-privileged-container_example__allowed,1,0,1,isolated,0,1,1,gatekeeper_privileged-containers_samples_psp-privileged-container_example__allowed.npz
gatekeeper_privileged-containers_samples_psp-privileged-container_example__allowed__exempt,gatekeeper_privileged-containers_samples_psp-privileged-container_example__allowed__exempt,1,0,1,isolated,1,1,1,gatekeeper_privileged-containers_samples_psp-privileged-container_example__allowed__exempt.npz
gatekeeper_privileged-containers_samples_psp-privileged-container_example__disallowed,gatekeeper_privileged-containers_samples_psp-privileged-container_example__disallowed,1,0,1,isolated,1,1,1,gatekeeper_privileged-containers_samples_psp-privileged-container_example__disallowed.npz
gatekeeper_proc-mount_samples_psp-proc-mount_disallowed__ephemeral,gatekeeper_proc-mount_samples_psp-proc-mount_disallowed__ephemeral,1,0,1,isolated,0,1,1,gatekeeper_proc-mount_samples_psp-proc-mount_disallowed__ephemeral.npz
gatekeeper_proc-mount_samples_psp-proc-mount_example__allowed,gatekeeper_proc-mount_samples_psp-proc-mount_example__allowed,1,0,1,isolated,0,1,1,gatekeeper_proc-mount_samples_psp-proc-mount_example__allowed.npz
gatekeeper_proc-mount_samples_psp-proc-mount_example__allowed__exempt__image,gatekeeper_proc-mount_samples_psp-proc-mount_example__allowed__exempt__image,1,0,1,isolated,0,1,1,gatekeeper_proc-mount_samples_psp-proc-mount_example__allowed__exempt__image.npz
gatekeeper_proc-mount_samples_psp-proc-mount_example__allowed__missing,gatekeeper_proc-mount_samples_psp-proc-mount_example__allowed__missing,1,0,1,isolated,0,1,1,gatekeeper_proc-mount_samples_psp-proc-mount_example__allowed__missing.npz
gatekeeper_proc-mount_samples_psp-proc-mount_example__disallowed,gatekeeper_proc-mount_samples_psp-proc-mount_example__disallowed,1,0,1,isolated,0,1,1,gatekeeper_proc-mount_samples_psp-proc-mount_example__disallowed.npz
gatekeeper_read-only-root-filesystem_samples_psp-readonlyrootfilesystem_disallowed__ephemeral,gatekeeper_read-only-root-filesystem_samples_psp-readonlyrootfilesystem_disallowed__ephemeral,1,0,1,isolated,0,1,1,gatekeeper_read-only-root-filesystem_samples_psp-readonlyrootfilesystem_disallowed__ephemeral.npz
gatekeeper_read-only-root-filesystem_samples_psp-readonlyrootfilesystem_example__allowed,gatekeeper_read-only-root-filesystem_samples_psp-readonlyrootfilesystem_example__allowed,1,0,1,isolated,0,1,1,gatekeeper_read-only-root-filesystem_samples_psp-readonlyrootfilesystem_example__allowed.npz
gatekeeper_read-only-root-filesystem_samples_psp-readonlyrootfilesystem_example__allowed__exempted,gatekeeper_read-only-root-filesystem_samples_psp-readonlyrootfilesystem_example__allowed__exempted,1,0,1,isolated,0,1,1,gatekeeper_read-only-root-filesystem_samples_psp-readonlyrootfilesystem_example__allowed__exempted.npz
gatekeeper_read-only-root-filesystem_samples_psp-readonlyrootfilesystem_example__disallowed,gatekeeper_read-only-root-filesystem_samples_psp-readonlyrootfilesystem_example__disallowed,1,0,1,isolated,0,1,1,gatekeeper_read-only-root-filesystem_samples_psp-readonlyrootfilesystem_example__disallowed.npz
gatekeeper_read-only-root-filesystem_samples_wildcard-prefix_example__allowed__safe__prefix,gatekeeper_read-only-root-filesystem_samples_wildcard-prefix_example__allowed__safe__prefix,1,0,1,isolated,0,1,1,gatekeeper_read-only-root-filesystem_samples_wildcard-prefix_example__allowed__safe__prefix.npz
gatekeeper_read-only-root-filesystem_samples_wildcard-prefix_example__disallowed__unsafe__prefix,gatekeeper_read-only-root-filesystem_samples_wildcard-prefix_example__disallowed__unsafe__prefix,1,0,1,isolated,0,1,1,gatekeeper_read-only-root-filesystem_samples_wildcard-prefix_example__disallowed__unsafe__prefix.npz
gatekeeper_seccomp_samples_psp-seccomp_disallowed__ephemeral,gatekeeper_seccomp_samples_psp-seccomp_disallowed__ephemeral,1,0,1,isolated,0,1,1,gatekeeper_seccomp_samples_psp-seccomp_disallowed__ephemeral.npz
gatekeeper_seccomp_samples_psp-seccomp_example__allowed,gatekeeper_seccomp_samples_psp-seccomp_example__allowed,1,0,1,isolated,0,1,1,gatekeeper_seccomp_samples_psp-seccomp_example__allowed.npz
gatekeeper_seccomp_samples_psp-seccomp_example__allowed2,gatekeeper_seccomp_samples_psp-seccomp_example__allowed2,1,0,1,isolated,0,1,1,gatekeeper_seccomp_samples_psp-seccomp_example__allowed2.npz
gatekeeper_seccomp_samples_psp-seccomp_example__allowed__exempt__image,gatekeeper_seccomp_samples_psp-seccomp_example__allowed__exempt__image,1,0,1,isolated,0,1,1,gatekeeper_seccomp_samples_psp-seccomp_example__allowed__exempt__image.npz
gatekeeper_seccomp_samples_psp-seccomp_example__allowed__localhost,gatekeeper_seccomp_samples_psp-seccomp_example__allowed__localhost,1,0,1,isolated,0,1,1,gatekeeper_seccomp_samples_psp-seccomp_example__allowed__localhost.npz
gatekeeper_seccomp_samples_psp-seccomp_example__disallowed,gatekeeper_seccomp_samples_psp-seccomp_example__disallowed,1,0,1,isolated,0,1,1,gatekeeper_seccomp_samples_psp-seccomp_example__disallowed.npz
gatekeeper_seccomp_samples_psp-seccomp_example__disallowed2,gatekeeper_seccomp_samples_psp-seccomp_example__disallowed2,1,0,1,isolated,0,1,1,gatekeeper_seccomp_samples_psp-seccomp_example__disallowed2.npz
gatekeeper_seccomp_samples_psp-seccomp_example__disallowed__localhost,gatekeeper_seccomp_samples_psp-seccomp_example__disallowed__localhost,1,0,1,isolated,0,1,1,gatekeeper_seccomp_samples_psp-seccomp_example__disallowed__localhost.npz
gatekeeper_seccompv2_samples_psp-seccomp-baseline_allowed__ephemeral,gatekeeper_seccompv2_samples_psp-seccomp-baseline_allowed__ephemeral,1,0,1,isolated,0,1,1,gatekeeper_seccompv2_samples_psp-seccomp-baseline_allowed__ephemeral.npz
gatekeeper_seccompv2_samples_psp-seccomp-baseline_example__allowed,gatekeeper_seccompv2_samples_psp-seccomp-baseline_example__allowed,1,0,1,isolated,0,1,1,gatekeeper_seccompv2_samples_psp-seccomp-baseline_example__allowed.npz
gatekeeper_seccompv2_samples_psp-seccomp-baseline_example__allowed__exempt__image,gatekeeper_seccompv2_samples_psp-seccomp-baseline_example__allowed__exempt__image,1,0,1,isolated,0,1,1,gatekeeper_seccompv2_samples_psp-seccomp-baseline_example__allowed__exempt__image.npz
gatekeeper_seccompv2_samples_psp-seccomp-baseline_example__allowed__localhost,gatekeeper_seccompv2_samples_psp-seccomp-baseline_example__allowed__localhost,1,0,1,isolated,0,1,1,gatekeeper_seccompv2_samples_psp-seccomp-baseline_example__allowed__localhost.npz
gatekeeper_seccompv2_samples_psp-seccomp-baseline_example__allowed__no__profile,gatekeeper_seccompv2_samples_psp-seccomp-baseline_example__allowed__no__profile,1,0,1,isolated,0,1,1,gatekeeper_seccompv2_samples_psp-seccomp-baseline_example__allowed__no__profile.npz
gatekeeper_seccompv2_samples_psp-seccomp-baseline_example__disallowed,gatekeeper_seccompv2_samples_psp-seccomp-baseline_example__disallowed,1,0,1,isolated,0,1,1,gatekeeper_seccompv2_samples_psp-seccomp-baseline_example__disallowed.npz
gatekeeper_seccompv2_samples_psp-seccomp-baseline_example__disallowed2,gatekeeper_seccompv2_samples_psp-seccomp-baseline_example__disallowed2,1,0,1,isolated,0,1,1,gatekeeper_seccompv2_samples_psp-seccomp-baseline_example__disallowed2.npz
gatekeeper_seccompv2_samples_psp-seccomp-restricted_disallowed__ephemeral,gatekeeper_seccompv2_samples_psp-seccomp-restricted_disallowed__ephemeral,1,0,1,isolated,0,1,1,gatekeeper_seccompv2_samples_psp-seccomp-restricted_disallowed__ephemeral.npz
gatekeeper_seccompv2_samples_psp-seccomp-restricted_example__allowed,gatekeeper_seccompv2_samples_psp-seccomp-restricted_example__allowed,1,0,1,isolated,0,1,1,gatekeeper_seccompv2_samples_psp-seccomp-restricted_example__allowed.npz
gatekeeper_seccompv2_samples_psp-seccomp-restricted_example__allowed__exempt__image,gatekeeper_seccompv2_samples_psp-seccomp-restricted_example__allowed__exempt__image,1,0,1,isolated,0,1,1,gatekeeper_seccompv2_samples_psp-seccomp-restricted_example__allowed__exempt__image.npz
gatekeeper_seccompv2_samples_psp-seccomp-restricted_example__allowed__localhost,gatekeeper_seccompv2_samples_psp-seccomp-restricted_example__allowed__localhost,1,0,1,isolated,0,1,1,gatekeeper_seccompv2_samples_psp-seccomp-restricted_example__allowed__localhost.npz
gatekeeper_seccompv2_samples_psp-seccomp-restricted_example__disallowed,gatekeeper_seccompv2_samples_psp-seccomp-restricted_example__disallowed,1,0,1,isolated,0,1,1,gatekeeper_seccompv2_samples_psp-seccomp-restricted_example__disallowed.npz
gatekeeper_seccompv2_samples_psp-seccomp-restricted_example__disallowed2,gatekeeper_seccompv2_samples_psp-seccomp-restricted_example__disallowed2,1,0,1,isolated,0,1,1,gatekeeper_seccompv2_samples_psp-seccomp-restricted_example__disallowed2.npz
gatekeeper_selinux_samples_psp-selinux-v2_disallowed__ephemeral,gatekeeper_selinux_samples_psp-selinux-v2_disallowed__ephemeral,1,0,1,isolated,0,1,1,gatekeeper_selinux_samples_psp-selinux-v2_disallowed__ephemeral.npz
gatekeeper_selinux_samples_psp-selinux-v2_example__allowed,gatekeeper_selinux_samples_psp-selinux-v2_example__allowed,1,0,1,isolated,0,1,1,gatekeeper_selinux_samples_psp-selinux-v2_example__allowed.npz
gatekeeper_selinux_samples_psp-selinux-v2_example__disallowed,gatekeeper_selinux_samples_psp-selinux-v2_example__disallowed,1,0,1,isolated,0,1,1,gatekeeper_selinux_samples_psp-selinux-v2_example__disallowed.npz
gatekeeper_users_samples_psp-pods-allowed-user-ranges_disallowed__ephemeral,gatekeeper_users_samples_psp-pods-allowed-user-ranges_disallowed__ephemeral,1,0,1,isolated,0,1,1,gatekeeper_users_samples_psp-pods-allowed-user-ranges_disallowed__ephemeral.npz
gatekeeper_users_samples_psp-pods-allowed-user-ranges_example__allowed,gatekeeper_users_samples_psp-pods-allowed-user-ranges_example__allowed,1,0,1,isolated,0,1,1,gatekeeper_users_samples_psp-pods-allowed-user-ranges_example__allowed.npz
gatekeeper_users_samples_psp-pods-allowed-user-ranges_example__disallowed,gatekeeper_users_samples_psp-pods-allowed-user-ranges_example__disallowed,1,0,1,isolated,0,1,1,gatekeeper_users_samples_psp-pods-allowed-user-ranges_example__disallowed.npz
gatekeeper_volumes_samples_psp-volume-types_example__allowed,gatekeeper_volumes_samples_psp-volume-types_example__allowed,1,0,1,isolated,0,1,1,gatekeeper_volumes_samples_psp-volume-types_example__allowed.npz
gatekeeper_volumes_samples_psp-volume-types_example__disallowed,gatekeeper_volumes_samples_psp-volume-types_example__disallowed,1,0,1,isolated,1,1,1,gatekeeper_volumes_samples_psp-volume-types_example__disallowed.npz
gitcontroller,gitcontroller,281,78680,2,chain,6,0,68,gitcontroller.npz
githook,githook,19,342,1,isolated,0,0,1,githook.npz
gitlab-agent,gitlab-agent,8,56,0,clean,0,0,0,gitlab-agent.npz
grpc-go-api,grpc-go-api,13,156,0,clean,0,0,0,grpc-go-api.npz
infra-goof-k8s,infra-goof-k8s,24,552,2,chain,20,24,24,infra-goof-k8s.npz
innovate-digital-bank,innovate-digital-bank,1,0,0,clean,0,0,0,innovate-digital-bank.npz
istio-index-conf2018,istio-index-conf2018,8,56,1,isolated,1,0,1,istio-index-conf2018.npz
java-on-aks,java-on-aks,8,56,1,isolated,0,1,1,java-on-aks.npz
k8s-escape,k8s-escape,1,0,1,isolated,1,1,1,k8s-escape.npz
k8s-ingress,k8s-ingress,115,13110,1,isolated,0,1,1,k8s-ingress.npz
k8s-security-lab,k8s-security-lab,2,2,1,isolated,0,2,2,k8s-security-lab.npz
k8s-springboot-data-rest,k8s-springboot-data-rest,25,600,1,isolated,0,11,11,k8s-springboot-data-rest.npz
kafka-cqrs,kafka-cqrs,10,90,0,clean,0,0,0,kafka-cqrs.npz
kube-goat,kube-goat,4,12,2,chain,1,4,4,kube-goat.npz
kube-micro,kube-micro,43,1806,0,clean,0,0,0,kube-micro.npz
kube-pod-escape,kube-pod-escape,1,0,1,isolated,1,1,1,kube-pod-escape.npz
kube_security_lab,kube_security_lab,10,90,2,chain,7,10,10,kube_security_lab.npz
kubeaudit_apparmor_fixtures_apparmor-annotation-init-container-enabled,kubeaudit_apparmor_fixtures_apparmor-annotation-init-container-enabled,1,0,1,isolated,0,1,1,kubeaudit_apparmor_fixtures_apparmor-annotation-init-container-enabled.npz
kubeaudit_apparmor_fixtures_apparmor-annotation-init-container-missing,kubeaudit_apparmor_fixtures_apparmor-annotation-init-container-missing,1,0,1,isolated,0,1,1,kubeaudit_apparmor_fixtures_apparmor-annotation-init-container-missing.npz
kubeaudit_apparmor_fixtures_apparmor-annotation-missing,kubeaudit_apparmor_fixtures_apparmor-annotation-missing,1,0,1,isolated,0,1,1,kubeaudit_apparmor_fixtures_apparmor-annotation-missing.npz
kubeaudit_apparmor_fixtures_apparmor-bad-value,kubeaudit_apparmor_fixtures_apparmor-bad-value,1,0,1,isolated,0,1,1,kubeaudit_apparmor_fixtures_apparmor-bad-value.npz
kubeaudit_apparmor_fixtures_apparmor-bad-value-override,kubeaudit_apparmor_fixtures_apparmor-bad-value-override,1,0,1,isolated,0,1,1,kubeaudit_apparmor_fixtures_apparmor-bad-value-override.npz
kubeaudit_apparmor_fixtures_apparmor-disabled,kubeaudit_apparmor_fixtures_apparmor-disabled,1,0,1,isolated,0,1,1,kubeaudit_apparmor_fixtures_apparmor-disabled.npz
kubeaudit_apparmor_fixtures_apparmor-disabled-overriden,kubeaudit_apparmor_fixtures_apparmor-disabled-overriden,1,0,1,isolated,0,1,1,kubeaudit_apparmor_fixtures_apparmor-disabled-overriden.npz
kubeaudit_apparmor_fixtures_apparmor-disabled-overriden-multiple,kubeaudit_apparmor_fixtures_apparmor-disabled-overriden-multiple,1,0,1,isolated,0,1,1,kubeaudit_apparmor_fixtures_apparmor-disabled-overriden-multiple.npz
kubeaudit_apparmor_fixtures_apparmor-disabled-overriden-old-label,kubeaudit_apparmor_fixtures_apparmor-disabled-overriden-old-label,1,0,1,isolated,0,1,1,kubeaudit_apparmor_fixtures_apparmor-disabled-overriden-old-label.npz
kubeaudit_apparmor_fixtures_apparmor-enabled,kubeaudit_apparmor_fixtures_apparmor-enabled,1,0,1,isolated,0,1,1,kubeaudit_apparmor_fixtures_apparmor-enabled.npz
kubeaudit_apparmor_fixtures_apparmor-invalid-annotation,kubeaudit_apparmor_fixtures_apparmor-invalid-annotation,1,0,1,isolated,0,1,1,kubeaudit_apparmor_fixtures_apparmor-invalid-annotation.npz
kubeaudit_asat_fixtures_service-account-token-deprecated,kubeaudit_asat_fixtures_service-account-token-deprecated,1,0,1,isolated,0,1,1,kubeaudit_asat_fixtures_service-account-token-deprecated.npz
kubeaudit_asat_fixtures_service-account-token-false,kubeaudit_asat_fixtures_service-account-token-false,1,0,1,isolated,0,1,1,kubeaudit_asat_fixtures_service-account-token-false.npz
kubeaudit_asat_fixtures_service-account-token-nil-and-no-name,kubeaudit_asat_fixtures_service-account-token-nil-and-no-name,1,0,1,isolated,0,1,1,kubeaudit_asat_fixtures_service-account-token-nil-and-no-name.npz
kubeaudit_asat_fixtures_service-account-token-nil-and-no-name-and-default-sa,kubeaudit_asat_fixtures_service-account-token-nil-and-no-name-and-default-sa,1,0,1,isolated,0,1,1,kubeaudit_asat_fixtures_service-account-token-nil-and-no-name-and-default-sa.npz
kubeaudit_asat_fixtures_service-account-token-redundant-override,kubeaudit_asat_fixtures_service-account-token-redundant-override,1,0,1,isolated,0,1,1,kubeaudit_asat_fixtures_service-account-token-redundant-override.npz
kubeaudit_asat_fixtures_service-account-token-true-allowed,kubeaudit_asat_fixtures_service-account-token-true-allowed,1,0,1,isolated,0,1,1,kubeaudit_asat_fixtures_service-account-token-true-allowed.npz
kubeaudit_asat_fixtures_service-account-token-true-and-default-name,kubeaudit_asat_fixtures_service-account-token-true-and-default-name,1,0,1,isolated,0,1,1,kubeaudit_asat_fixtures_service-account-token-true-and-default-name.npz
kubeaudit_asat_fixtures_service-account-token-true-and-default-sa,kubeaudit_asat_fixtures_service-account-token-true-and-default-sa,1,0,1,isolated,0,1,1,kubeaudit_asat_fixtures_service-account-token-true-and-default-sa.npz
kubeaudit_asat_fixtures_service-account-token-true-and-no-name,kubeaudit_asat_fixtures_service-account-token-true-and-no-name,1,0,1,isolated,0,1,1,kubeaudit_asat_fixtures_service-account-token-true-and-no-name.npz
kubeaudit_capabilities_fixtures_capabilities-added,kubeaudit_capabilities_fixtures_capabilities-added,1,0,1,isolated,0,1,1,kubeaudit_capabilities_fixtures_capabilities-added.npz
kubeaudit_capabilities_fixtures_capabilities-added-not-dropped,kubeaudit_capabilities_fixtures_capabilities-added-not-dropped,1,0,1,isolated,0,1,1,kubeaudit_capabilities_fixtures_capabilities-added-not-dropped.npz
kubeaudit_capabilities_fixtures_capabilities-dropped-all,kubeaudit_capabilities_fixtures_capabilities-dropped-all,1,0,1,isolated,0,1,1,kubeaudit_capabilities_fixtures_capabilities-dropped-all.npz
kubeaudit_capabilities_fixtures_capabilities-nil,kubeaudit_capabilities_fixtures_capabilities-nil,1,0,1,isolated,0,1,1,kubeaudit_capabilities_fixtures_capabilities-nil.npz
kubeaudit_capabilities_fixtures_capabilities-some-allowed,kubeaudit_capabilities_fixtures_capabilities-some-allowed,1,0,1,isolated,1,1,1,kubeaudit_capabilities_fixtures_capabilities-some-allowed.npz
kubeaudit_capabilities_fixtures_capabilities-some-allowed-multi-containers-all-labels,kubeaudit_capabilities_fixtures_capabilities-some-allowed-multi-containers-all-labels,1,0,1,isolated,1,1,1,kubeaudit_capabilities_fixtures_capabilities-some-allowed-multi-containers-all-labels.npz
kubeaudit_capabilities_fixtures_capabilities-some-allowed-multi-containers-mix-labels,kubeaudit_capabilities_fixtures_capabilities-some-allowed-multi-containers-mix-labels,1,0,1,isolated,1,1,1,kubeaudit_capabilities_fixtures_capabilities-some-allowed-multi-containers-mix-labels.npz
kubeaudit_capabilities_fixtures_capabilities-some-allowed-multi-containers-mix-old-labels,kubeaudit_capabilities_fixtures_capabilities-some-allowed-multi-containers-mix-old-labels,1,0,1,isolated,1,1,1,kubeaudit_capabilities_fixtures_capabilities-some-allowed-multi-containers-mix-old-labels.npz
kubeaudit_capabilities_fixtures_capabilities-some-allowed-multi-containers-some-labels,kubeaudit_capabilities_fixtures_capabilities-some-allowed-multi-containers-some-labels,1,0,1,isolated,1,1,1,kubeaudit_capabilities_fixtures_capabilities-some-allowed-multi-containers-some-labels.npz
kubeaudit_capabilities_fixtures_capabilities-some-dropped,kubeaudit_capabilities_fixtures_capabilities-some-dropped,1,0,1,isolated,0,1,1,kubeaudit_capabilities_fixtures_capabilities-some-dropped.npz
kubeaudit_deprecatedapis_fixtures_cronjob,kubeaudit_deprecatedapis_fixtures_cronjob,1,0,1,isolated,0,1,1,kubeaudit_deprecatedapis_fixtures_cronjob.npz
kubeaudit_hostns_fixtures_host-ipc-true,kubeaudit_hostns_fixtures_host-ipc-true,1,0,1,isolated,1,1,1,kubeaudit_hostns_fixtures_host-ipc-true.npz
kubeaudit_hostns_fixtures_host-ipc-true-allowed,kubeaudit_hostns_fixtures_host-ipc-true-allowed,1,0,1,isolated,1,1,1,kubeaudit_hostns_fixtures_host-ipc-true-allowed.npz
kubeaudit_hostns_fixtures_host-network-true,kubeaudit_hostns_fixtures_host-network-true,1,0,1,isolated,1,1,1,kubeaudit_hostns_fixtures_host-network-true.npz
kubeaudit_hostns_fixtures_host-network-true-allowed,kubeaudit_hostns_fixtures_host-network-true-allowed,1,0,1,isolated,1,1,1,kubeaudit_hostns_fixtures_host-network-true-allowed.npz
kubeaudit_hostns_fixtures_host-pid-true,kubeaudit_hostns_fixtures_host-pid-true,1,0,1,isolated,1,1,1,kubeaudit_hostns_fixtures_host-pid-true.npz
kubeaudit_hostns_fixtures_host-pid-true-allowed,kubeaudit_hostns_fixtures_host-pid-true-allowed,1,0,1,isolated,1,1,1,kubeaudit_hostns_fixtures_host-pid-true-allowed.npz
kubeaudit_hostns_fixtures_namespaces-all-true,kubeaudit_hostns_fixtures_namespaces-all-true,1,0,1,isolated,1,1,1,kubeaudit_hostns_fixtures_namespaces-all-true.npz
kubeaudit_hostns_fixtures_namespaces-all-true-allowed,kubeaudit_hostns_fixtures_namespaces-all-true-allowed,1,0,1,isolated,1,1,1,kubeaudit_hostns_fixtures_namespaces-all-true-allowed.npz
kubeaudit_hostns_fixtures_namespaces-redundant-override,kubeaudit_hostns_fixtures_namespaces-redundant-override,1,0,1,isolated,0,1,1,kubeaudit_hostns_fixtures_namespaces-redundant-override.npz
kubeaudit_image_fixtures_image-tag-missing,kubeaudit_image_fixtures_image-tag-missing,1,0,1,isolated,0,1,1,kubeaudit_image_fixtures_image-tag-missing.npz
kubeaudit_image_fixtures_image-tag-present,kubeaudit_image_fixtures_image-tag-present,1,0,1,isolated,0,1,1,kubeaudit_image_fixtures_image-tag-present.npz
kubeaudit_limits_fixtures_resources-limit,kubeaudit_limits_fixtures_resources-limit,1,0,1,isolated,0,1,1,kubeaudit_limits_fixtures_resources-limit.npz
kubeaudit_limits_fixtures_resources-limit-nil,kubeaudit_limits_fixtures_resources-limit-nil,1,0,1,isolated,0,1,1,kubeaudit_limits_fixtures_resources-limit-nil.npz
kubeaudit_limits_fixtures_resources-limit-no-cpu,kubeaudit_limits_fixtures_resources-limit-no-cpu,1,0,1,isolated,0,1,1,kubeaudit_limits_fixtures_resources-limit-no-cpu.npz
kubeaudit_limits_fixtures_resources-limit-no-memory,kubeaudit_limits_fixtures_resources-limit-no-memory,1,0,1,isolated,0,1,1,kubeaudit_limits_fixtures_resources-limit-no-memory.npz
kubeaudit_mounts_fixtures_docker-sock-mounted,kubeaudit_mounts_fixtures_docker-sock-mounted,1,0,1,isolated,1,1,1,kubeaudit_mounts_fixtures_docker-sock-mounted.npz
kubeaudit_mounts_fixtures_proc-mounted,kubeaudit_mounts_fixtures_proc-mounted,1,0,1,isolated,1,1,1,kubeaudit_mounts_fixtures_proc-mounted.npz
kubeaudit_mounts_fixtures_proc-mounted-allowed,kubeaudit_mounts_fixtures_proc-mounted-allowed,1,0,1,isolated,1,1,1,kubeaudit_mounts_fixtures_proc-mounted-allowed.npz
kubeaudit_mounts_fixtures_proc-mounted-allowed-multi-containers-multi-labels,kubeaudit_mounts_fixtures_proc-mounted-allowed-multi-containers-multi-labels,1,0,1,isolated,1,1,1,kubeaudit_mounts_fixtures_proc-mounted-allowed-multi-containers-multi-labels.npz
kubeaudit_mounts_fixtures_proc-mounted-allowed-multi-containers-single-label,kubeaudit_mounts_fixtures_proc-mounted-allowed-multi-containers-single-label,1,0,1,isolated,1,1,1,kubeaudit_mounts_fixtures_proc-mounted-allowed-multi-containers-single-label.npz
kubeaudit_nonroot_fixtures_run-as-non-root-false,kubeaudit_nonroot_fixtures_run-as-non-root-false,1,0,1,isolated,0,1,1,kubeaudit_nonroot_fixtures_run-as-non-root-false.npz
kubeaudit_nonroot_fixtures_run-as-non-root-false-allowed,kubeaudit_nonroot_fixtures_run-as-non-root-false-allowed,1,0,1,isolated,0,1,1,kubeaudit_nonroot_fixtures_run-as-non-root-false-allowed.npz
kubeaudit_nonroot_fixtures_run-as-non-root-nil,kubeaudit_nonroot_fixtures_run-as-non-root-nil,1,0,1,isolated,0,1,1,kubeaudit_nonroot_fixtures_run-as-non-root-nil.npz
kubeaudit_nonroot_fixtures_run-as-non-root-psc-false,kubeaudit_nonroot_fixtures_run-as-non-root-psc-false,1,0,1,isolated,0,1,1,kubeaudit_nonroot_fixtures_run-as-non-root-psc-false.npz
kubeaudit_nonroot_fixtures_run-as-non-root-psc-false-allowed,kubeaudit_nonroot_fixtures_run-as-non-root-psc-false-allowed,1,0,1,isolated,0,1,1,kubeaudit_nonroot_fixtures_run-as-non-root-psc-false-allowed.npz
kubeaudit_nonroot_fixtures_run-as-non-root-psc-false-allowed-multi-containers-multi-labels,kubeaudit_nonroot_fixtures_run-as-non-root-psc-false-allowed-multi-containers-multi-labels,1,0,1,isolated,0,1,1,kubeaudit_nonroot_fixtures_run-as-non-root-psc-false-allowed-multi-containers-multi-labels.npz
kubeaudit_nonroot_fixtures_run-as-non-root-psc-false-allowed-multi-containers-single-label,kubeaudit_nonroot_fixtures_run-as-non-root-psc-false-allowed-multi-containers-single-label,1,0,1,isolated,0,1,1,kubeaudit_nonroot_fixtures_run-as-non-root-psc-false-allowed-multi-containers-single-label.npz
kubeaudit_nonroot_fixtures_run-as-non-root-psc-false-csc-false,kubeaudit_nonroot_fixtures_run-as-non-root-psc-false-csc-false,1,0,1,isolated,0,1,1,kubeaudit_nonroot_fixtures_run-as-non-root-psc-false-csc-false.npz
kubeaudit_nonroot_fixtures_run-as-non-root-psc-false-csc-nil-multiple-cont,kubeaudit_nonroot_fixtures_run-as-non-root-psc-false-csc-nil-multiple-cont,1,0,1,isolated,0,1,1,kubeaudit_nonroot_fixtures_run-as-non-root-psc-false-csc-nil-multiple-cont.npz
kubeaudit_nonroot_fixtures_run-as-non-root-psc-false-csc-true,kubeaudit_nonroot_fixtures_run-as-non-root-psc-false-csc-true,1,0,1,isolated,0,1,1,kubeaudit_nonroot_fixtures_run-as-non-root-psc-false-csc-true.npz
kubeaudit_nonroot_fixtures_run-as-non-root-psc-false-csc-true-multiple-cont,kubeaudit_nonroot_fixtures_run-as-non-root-psc-false-csc-true-multiple-cont,1,0,1,isolated,0,1,1,kubeaudit_nonroot_fixtures_run-as-non-root-psc-false-csc-true-multiple-cont.npz
kubeaudit_nonroot_fixtures_run-as-non-root-psc-true,kubeaudit_nonroot_fixtures_run-as-non-root-psc-true,1,0,1,isolated,0,1,1,kubeaudit_nonroot_fixtures_run-as-non-root-psc-true.npz
kubeaudit_nonroot_fixtures_run-as-non-root-psc-true-csc-false,kubeaudit_nonroot_fixtures_run-as-non-root-psc-true-csc-false,1,0,1,isolated,0,1,1,kubeaudit_nonroot_fixtures_run-as-non-root-psc-true-csc-false.npz
kubeaudit_nonroot_fixtures_run-as-non-root-redundant-override-container,kubeaudit_nonroot_fixtures_run-as-non-root-redundant-override-container,1,0,1,isolated,0,1,1,kubeaudit_nonroot_fixtures_run-as-non-root-redundant-override-container.npz
kubeaudit_nonroot_fixtures_run-as-non-root-redundant-override-pod,kubeaudit_nonroot_fixtures_run-as-non-root-redundant-override-pod,1,0,1,isolated,0,1,1,kubeaudit_nonroot_fixtures_run-as-non-root-redundant-override-pod.npz
kubeaudit_nonroot_fixtures_run-as-user-0,kubeaudit_nonroot_fixtures_run-as-user-0,1,0,1,isolated,0,1,1,kubeaudit_nonroot_fixtures_run-as-user-0.npz
kubeaudit_nonroot_fixtures_run-as-user-0-allowed,kubeaudit_nonroot_fixtures_run-as-user-0-allowed,1,0,1,isolated,0,1,1,kubeaudit_nonroot_fixtures_run-as-user-0-allowed.npz
kubeaudit_nonroot_fixtures_run-as-user-0-run-as-non-root-false,kubeaudit_nonroot_fixtures_run-as-user-0-run-as-non-root-false,1,0,1,isolated,0,1,1,kubeaudit_nonroot_fixtures_run-as-user-0-run-as-non-root-false.npz
kubeaudit_nonroot_fixtures_run-as-user-0-run-as-non-root-true,kubeaudit_nonroot_fixtures_run-as-user-0-run-as-non-root-true,1,0,1,isolated,0,1,1,kubeaudit_nonroot_fixtures_run-as-user-0-run-as-non-root-true.npz
kubeaudit_nonroot_fixtures_run-as-user-1-run-as-non-root-false,kubeaudit_nonroot_fixtures_run-as-user-1-run-as-non-root-false,1,0,1,isolated,0,1,1,kubeaudit_nonroot_fixtures_run-as-user-1-run-as-non-root-false.npz
kubeaudit_nonroot_fixtures_run-as-user-1-run-as-non-root-true,kubeaudit_nonroot_fixtures_run-as-user-1-run-as-non-root-true,1,0,1,isolated,0,1,1,kubeaudit_nonroot_fixtures_run-as-user-1-run-as-non-root-true.npz
kubeaudit_nonroot_fixtures_run-as-user-psc-0,kubeaudit_nonroot_fixtures_run-as-user-psc-0,1,0,1,isolated,0,1,1,kubeaudit_nonroot_fixtures_run-as-user-psc-0.npz
kubeaudit_nonroot_fixtures_run-as-user-psc-0-allowed,kubeaudit_nonroot_fixtures_run-as-user-psc-0-allowed,1,0,1,isolated,0,1,1,kubeaudit_nonroot_fixtures_run-as-user-psc-0-allowed.npz
kubeaudit_nonroot_fixtures_run-as-user-psc-0-allowed-multi-containers-multi-labels,kubeaudit_nonroot_fixtures_run-as-user-psc-0-allowed-multi-containers-multi-labels,1,0,1,isolated,0,1,1,kubeaudit_nonroot_fixtures_run-as-user-psc-0-allowed-multi-containers-multi-labels.npz
kubeaudit_nonroot_fixtures_run-as-user-psc-0-allowed-multi-containers-single-label,kubeaudit_nonroot_fixtures_run-as-user-psc-0-allowed-multi-containers-single-label,1,0,1,isolated,0,1,1,kubeaudit_nonroot_fixtures_run-as-user-psc-0-allowed-multi-containers-single-label.npz
kubeaudit_nonroot_fixtures_run-as-user-psc-0-csc-0,kubeaudit_nonroot_fixtures_run-as-user-psc-0-csc-0,1,0,1,isolated,0,1,1,kubeaudit_nonroot_fixtures_run-as-user-psc-0-csc-0.npz
kubeaudit_nonroot_fixtures_run-as-user-psc-0-csc-1,kubeaudit_nonroot_fixtures_run-as-user-psc-0-csc-1,1,0,1,isolated,0,1,1,kubeaudit_nonroot_fixtures_run-as-user-psc-0-csc-1.npz
kubeaudit_nonroot_fixtures_run-as-user-psc-0-csc-1-multiple-cont,kubeaudit_nonroot_fixtures_run-as-user-psc-0-csc-1-multiple-cont,1,0,1,isolated,0,1,1,kubeaudit_nonroot_fixtures_run-as-user-psc-0-csc-1-multiple-cont.npz
kubeaudit_nonroot_fixtures_run-as-user-psc-0-csc-nil-multiple-cont,kubeaudit_nonroot_fixtures_run-as-user-psc-0-csc-nil-multiple-cont,1,0,1,isolated,0,1,1,kubeaudit_nonroot_fixtures_run-as-user-psc-0-csc-nil-multiple-cont.npz
kubeaudit_nonroot_fixtures_run-as-user-psc-0-run-as-non-root-psc-false,kubeaudit_nonroot_fixtures_run-as-user-psc-0-run-as-non-root-psc-false,1,0,1,isolated,0,1,1,kubeaudit_nonroot_fixtures_run-as-user-psc-0-run-as-non-root-psc-false.npz
kubeaudit_nonroot_fixtures_run-as-user-psc-0-run-as-non-root-psc-true,kubeaudit_nonroot_fixtures_run-as-user-psc-0-run-as-non-root-psc-true,1,0,1,isolated,0,1,1,kubeaudit_nonroot_fixtures_run-as-user-psc-0-run-as-non-root-psc-true.npz
kubeaudit_nonroot_fixtures_run-as-user-psc-1,kubeaudit_nonroot_fixtures_run-as-user-psc-1,1,0,1,isolated,0,1,1,kubeaudit_nonroot_fixtures_run-as-user-psc-1.npz
kubeaudit_nonroot_fixtures_run-as-user-psc-1-csc-0,kubeaudit_nonroot_fixtures_run-as-user-psc-1-csc-0,1,0,1,isolated,0,1,1,kubeaudit_nonroot_fixtures_run-as-user-psc-1-csc-0.npz
kubeaudit_nonroot_fixtures_run-as-user-psc-1-run-as-non-root-psc-false,kubeaudit_nonroot_fixtures_run-as-user-psc-1-run-as-non-root-psc-false,1,0,1,isolated,0,1,1,kubeaudit_nonroot_fixtures_run-as-user-psc-1-run-as-non-root-psc-false.npz
kubeaudit_nonroot_fixtures_run-as-user-psc-1-run-as-non-root-psc-true,kubeaudit_nonroot_fixtures_run-as-user-psc-1-run-as-non-root-psc-true,1,0,1,isolated,0,1,1,kubeaudit_nonroot_fixtures_run-as-user-psc-1-run-as-non-root-psc-true.npz
kubeaudit_nonroot_fixtures_run-as-user-redundant-override-container,kubeaudit_nonroot_fixtures_run-as-user-redundant-override-container,1,0,1,isolated,0,1,1,kubeaudit_nonroot_fixtures_run-as-user-redundant-override-container.npz
kubeaudit_nonroot_fixtures_run-as-user-redundant-override-pod,kubeaudit_nonroot_fixtures_run-as-user-redundant-override-pod,1,0,1,isolated,0,1,1,kubeaudit_nonroot_fixtures_run-as-user-redundant-override-pod.npz
kubeaudit_privesc_fixtures_allow-privilege-escalation-nil,kubeaudit_privesc_fixtures_allow-privilege-escalation-nil,1,0,1,isolated,0,1,1,kubeaudit_privesc_fixtures_allow-privilege-escalation-nil.npz
kubeaudit_privesc_fixtures_allow-privilege-escalation-redundant-override,kubeaudit_privesc_fixtures_allow-privilege-escalation-redundant-override,1,0,1,isolated,0,1,1,kubeaudit_privesc_fixtures_allow-privilege-escalation-redundant-override.npz
kubeaudit_privesc_fixtures_allow-privilege-escalation-true,kubeaudit_privesc_fixtures_allow-privilege-escalation-true,1,0,1,isolated,0,1,1,kubeaudit_privesc_fixtures_allow-privilege-escalation-true.npz
kubeaudit_privesc_fixtures_allow-privilege-escalation-true-allowed,kubeaudit_privesc_fixtures_allow-privilege-escalation-true-allowed,1,0,1,isolated,0,1,1,kubeaudit_privesc_fixtures_allow-privilege-escalation-true-allowed.npz
kubeaudit_privesc_fixtures_allow-privilege-escalation-true-multi-allowed-multi-containers,kubeaudit_privesc_fixtures_allow-privilege-escalation-true-multi-allowed-multi-containers,1,0,1,isolated,0,1,1,kubeaudit_privesc_fixtures_allow-privilege-escalation-true-multi-allowed-multi-containers.npz
kubeaudit_privesc_fixtures_allow-privilege-escalation-true-single-allowed-multi-containers,kubeaudit_privesc_fixtures_allow-privilege-escalation-true-single-allowed-multi-containers,1,0,1,isolated,0,1,1,kubeaudit_privesc_fixtures_allow-privilege-escalation-true-single-allowed-multi-containers.npz
kubeaudit_privileged_fixtures_privileged-nil,kubeaudit_privileged_fixtures_privileged-nil,1,0,1,isolated,0,1,1,kubeaudit_privileged_fixtures_privileged-nil.npz
kubeaudit_privileged_fixtures_privileged-redundant-override,kubeaudit_privileged_fixtures_privileged-redundant-override,1,0,1,isolated,0,1,1,kubeaudit_privileged_fixtures_privileged-redundant-override.npz
kubeaudit_privileged_fixtures_privileged-true,kubeaudit_privileged_fixtures_privileged-true,1,0,1,isolated,1,1,1,kubeaudit_privileged_fixtures_privileged-true.npz
kubeaudit_privileged_fixtures_privileged-true-allowed,kubeaudit_privileged_fixtures_privileged-true-allowed,1,0,1,isolated,1,1,1,kubeaudit_privileged_fixtures_privileged-true-allowed.npz
kubeaudit_privileged_fixtures_privileged-true-allowed-multi-containers-multi-labels,kubeaudit_privileged_fixtures_privileged-true-allowed-multi-containers-multi-labels,1,0,1,isolated,1,1,1,kubeaudit_privileged_fixtures_privileged-true-allowed-multi-containers-multi-labels.npz
kubeaudit_privileged_fixtures_privileged-true-allowed-multi-containers-single-label,kubeaudit_privileged_fixtures_privileged-true-allowed-multi-containers-single-label,1,0,1,isolated,1,1,1,kubeaudit_privileged_fixtures_privileged-true-allowed-multi-containers-single-label.npz
kubeaudit_rootfs_fixtures_read-only-root-filesystem-false,kubeaudit_rootfs_fixtures_read-only-root-filesystem-false,1,0,1,isolated,0,1,1,kubeaudit_rootfs_fixtures_read-only-root-filesystem-false.npz
kubeaudit_rootfs_fixtures_read-only-root-filesystem-false-allowed,kubeaudit_rootfs_fixtures_read-only-root-filesystem-false-allowed,1,0,1,isolated,0,1,1,kubeaudit_rootfs_fixtures_read-only-root-filesystem-false-allowed.npz
kubeaudit_rootfs_fixtures_read-only-root-filesystem-false-allowed-multi-labels,kubeaudit_rootfs_fixtures_read-only-root-filesystem-false-allowed-multi-labels,1,0,1,isolated,0,1,1,kubeaudit_rootfs_fixtures_read-only-root-filesystem-false-allowed-multi-labels.npz
kubeaudit_rootfs_fixtures_read-only-root-filesystem-false-allowed-single-label,kubeaudit_rootfs_fixtures_read-only-root-filesystem-false-allowed-single-label,1,0,1,isolated,0,1,1,kubeaudit_rootfs_fixtures_read-only-root-filesystem-false-allowed-single-label.npz
kubeaudit_rootfs_fixtures_read-only-root-filesystem-nil,kubeaudit_rootfs_fixtures_read-only-root-filesystem-nil,1,0,1,isolated,0,1,1,kubeaudit_rootfs_fixtures_read-only-root-filesystem-nil.npz
kubeaudit_rootfs_fixtures_read-only-root-filesystem-redundant-override,kubeaudit_rootfs_fixtures_read-only-root-filesystem-redundant-override,1,0,1,isolated,0,1,1,kubeaudit_rootfs_fixtures_read-only-root-filesystem-redundant-override.npz
kubeaudit_seccomp_fixtures_seccomp-disabled,kubeaudit_seccomp_fixtures_seccomp-disabled,1,0,1,isolated,0,1,1,kubeaudit_seccomp_fixtures_seccomp-disabled.npz
kubeaudit_seccomp_fixtures_seccomp-disabled-localhost,kubeaudit_seccomp_fixtures_seccomp-disabled-localhost,1,0,1,isolated,0,1,1,kubeaudit_seccomp_fixtures_seccomp-disabled-localhost.npz
kubeaudit_seccomp_fixtures_seccomp-disabled-pod,kubeaudit_seccomp_fixtures_seccomp-disabled-pod,1,0,1,isolated,0,1,1,kubeaudit_seccomp_fixtures_seccomp-disabled-pod.npz
kubeaudit_seccomp_fixtures_seccomp-enabled,kubeaudit_seccomp_fixtures_seccomp-enabled,1,0,1,isolated,0,1,1,kubeaudit_seccomp_fixtures_seccomp-enabled.npz
kubeaudit_seccomp_fixtures_seccomp-enabled-pod,kubeaudit_seccomp_fixtures_seccomp-enabled-pod,1,0,1,isolated,0,1,1,kubeaudit_seccomp_fixtures_seccomp-enabled-pod.npz
kubeaudit_seccomp_fixtures_seccomp-profile-missing,kubeaudit_seccomp_fixtures_seccomp-profile-missing,1,0,1,isolated,0,1,1,kubeaudit_seccomp_fixtures_seccomp-profile-missing.npz
kubeaudit_seccomp_fixtures_seccomp-profile-missing-annotations,kubeaudit_seccomp_fixtures_seccomp-profile-missing-annotations,1,0,1,isolated,0,1,1,kubeaudit_seccomp_fixtures_seccomp-profile-missing-annotations.npz
kubeaudit_seccomp_fixtures_seccomp-profile-missing-disabled-container,kubeaudit_seccomp_fixtures_seccomp-profile-missing-disabled-container,1,0,1,isolated,0,1,1,kubeaudit_seccomp_fixtures_seccomp-profile-missing-disabled-container.npz
kubecf,kubecf,2,2,0,clean,0,0,0,kubecf.npz
kubehound_CE__MODULE__LOAD,kubehound_CE__MODULE__LOAD,1,0,1,isolated,1,1,1,kubehound_CE__MODULE__LOAD.npz
kubehound_CE__NET__MITM,kubehound_CE__NET__MITM,1,0,1,isolated,1,1,1,kubehound_CE__NET__MITM.npz
kubehound_CE__NSENTER,kubehound_CE__NSENTER,1,0,1,isolated,1,1,1,kubehound_CE__NSENTER.npz
kubehound_CE__PRIV__MOUNT,kubehound_CE__PRIV__MOUNT,1,0,1,isolated,1,1,1,kubehound_CE__PRIV__MOUNT.npz
kubehound_CE__SYS__PTRACE,kubehound_CE__SYS__PTRACE,1,0,1,isolated,1,1,1,kubehound_CE__SYS__PTRACE.npz
kubehound_CE__UMH__CORE__PATTERN,kubehound_CE__UMH__CORE__PATTERN,1,0,1,isolated,1,1,1,kubehound_CE__UMH__CORE__PATTERN.npz
kubehound_CE__VAR__LOG__SYMLINK,kubehound_CE__VAR__LOG__SYMLINK,1,0,1,isolated,1,1,1,kubehound_CE__VAR__LOG__SYMLINK.npz
kubehound_CONTROL__POD,kubehound_CONTROL__POD,1,0,1,isolated,0,1,1,kubehound_CONTROL__POD.npz
kubehound_ENDPOINT__EXPLOIT,kubehound_ENDPOINT__EXPLOIT,1,0,1,isolated,1,1,1,kubehound_ENDPOINT__EXPLOIT.npz
kubehound_EXPLOIT__HOST__READ__TRAVERSE,kubehound_EXPLOIT__HOST__READ__TRAVERSE,1,0,1,isolated,1,1,1,kubehound_EXPLOIT__HOST__READ__TRAVERSE.npz
kubehound_EXPLOIT__HOST__WRITE,kubehound_EXPLOIT__HOST__WRITE,1,0,1,isolated,1,1,1,kubehound_EXPLOIT__HOST__WRITE.npz
kubehound_IDENTITY__IMPERSONATE,kubehound_IDENTITY__IMPERSONATE,1,0,1,isolated,0,1,1,kubehound_IDENTITY__IMPERSONATE.npz
kubehound_POD__CREATE,kubehound_POD__CREATE,1,0,1,isolated,0,1,1,kubehound_POD__CREATE.npz
kubehound_POD__EXEC,kubehound_POD__EXEC,1,0,1,isolated,0,1,1,kubehound_POD__EXEC.npz
kubehound_POD__PATCH,kubehound_POD__PATCH,1,0,1,isolated,0,1,1,kubehound_POD__PATCH.npz
kubehound_ROLE__BIND__ALL,kubehound_ROLE__BIND__ALL,1,0,1,isolated,0,1,1,kubehound_ROLE__BIND__ALL.npz
kubehound_ROLE__BIND__CRB__CR,kubehound_ROLE__BIND__CRB__CR,1,0,1,isolated,0,1,1,kubehound_ROLE__BIND__CRB__CR.npz
kubehound_ROLE__BIND__RB__CR-SA,kubehound_ROLE__BIND__RB__CR-SA,1,0,1,isolated,0,1,1,kubehound_ROLE__BIND__RB__CR-SA.npz
kubehound_ROLE__BIND__RB__R-SA,kubehound_ROLE__BIND__RB__R-SA,1,0,1,isolated,0,1,1,kubehound_ROLE__BIND__RB__R-SA.npz
kubehound_SHARE__PS__NAMESPACE,kubehound_SHARE__PS__NAMESPACE,1,0,1,isolated,0,1,1,kubehound_SHARE__PS__NAMESPACE.npz
kubehound_TOKEN__BRUTEFORCE,kubehound_TOKEN__BRUTEFORCE,1,0,1,isolated,0,1,1,kubehound_TOKEN__BRUTEFORCE.npz
kubehound_TOKEN__LIST,kubehound_TOKEN__LIST,1,0,1,isolated,0,1,1,kubehound_TOKEN__LIST.npz
kubernetes-ctf,kubernetes-ctf,8,56,2,chain,1,8,8,kubernetes-ctf.npz
kubernetes-elastic-logging,kubernetes-elastic-logging,6,30,1,isolated,1,0,2,kubernetes-elastic-logging.npz
kubernetes-extras,kubernetes-extras,10,90,1,isolated,1,0,3,kubernetes-extras.npz
kubernetes-goof,kubernetes-goof,9,72,2,chain,4,9,9,kubernetes-goof.npz
kubernetes-microservices,kubernetes-microservices,11,110,1,isolated,0,0,2,kubernetes-microservices.npz
kubernetes-microservices-yoloo,kubernetes-microservices-yoloo,5,20,1,isolated,1,0,1,kubernetes-microservices-yoloo.npz
kubernetes-native-testbed,kubernetes-native-testbed,163,26406,2,chain,1,11,16,kubernetes-native-testbed.npz
kubernetes-service-discovery,kubernetes-service-discovery,21,420,0,clean,0,0,0,kubernetes-service-discovery.npz
kubernetes-sigs-kubespray,kubernetes-sigs-kubespray,12,132,0,clean,0,0,0,kubernetes-sigs-kubespray.npz
kubernetes-with-spring-boot-microservices,kubernetes-with-spring-boot-microservices,5,20,1,isolated,0,1,1,kubernetes-with-spring-boot-microservices.npz
kubernetes_goat_batch-check,kubernetes_goat_batch-check,1,0,1,isolated,0,1,1,kubernetes_goat_batch-check.npz
kubernetes_goat_build-code,kubernetes_goat_build-code,1,0,1,isolated,0,1,1,kubernetes_goat_build-code.npz
kubernetes_goat_cache-store,kubernetes_goat_cache-store,1,0,1,isolated,0,1,1,kubernetes_goat_cache-store.npz
kubernetes_goat_docker-bench-security,kubernetes_goat_docker-bench-security,1,0,1,isolated,1,1,1,kubernetes_goat_docker-bench-security.npz
kubernetes_goat_health-check,kubernetes_goat_health-check,2,2,2,chain,2,2,2,kubernetes_goat_health-check.npz
kubernetes_goat_hidden-in-layers,kubernetes_goat_hidden-in-layers,1,0,1,isolated,0,1,1,kubernetes_goat_hidden-in-layers.npz
kubernetes_goat_hunger-check,kubernetes_goat_hunger-check,1,0,1,isolated,0,1,1,kubernetes_goat_hunger-check.npz
kubernetes_goat_internal-proxy,kubernetes_goat_internal-proxy,1,0,1,isolated,0,1,1,kubernetes_goat_internal-proxy.npz
kubernetes_goat_kube-bench-security,kubernetes_goat_kube-bench-security,2,2,2,chain,2,2,2,kubernetes_goat_kube-bench-security.npz
kubernetes_goat_kubernetes-goat-home,kubernetes_goat_kubernetes-goat-home,1,0,0,clean,0,1,0,kubernetes_goat_kubernetes-goat-home.npz
kubernetes_goat_poor-registry,kubernetes_goat_poor-registry,1,0,1,isolated,0,1,1,kubernetes_goat_poor-registry.npz
kubernetes_goat_system-monitor,kubernetes_goat_system-monitor,1,0,1,isolated,1,1,1,kubernetes_goat_system-monitor.npz
kubeyard,kubeyard,7,42,0,clean,0,0,0,kubeyard.npz
kustomizegoat,kustomizegoat,3,6,1,isolated,0,3,3,kustomizegoat.npz
longhorn,longhorn,2,2,2,chain,2,2,2,longhorn.npz
marblerun,marblerun,3,6,1,isolated,0,0,1,marblerun.npz
micro-apps,micro-apps,30,870,1,isolated,0,0,1,micro-apps.npz
microservice-choreography-tweetboard,microservice-choreography-tweetboard,7,42,1,isolated,0,0,5,microservice-choreography-tweetboard.npz
microservices-applications,microservices-applications,102,10302,0,clean,0,0,0,microservices-applications.npz
microservices-deploy,microservices-deploy,4,12,1,isolated,1,0,3,microservices-deploy.npz
microservices-dotnetcore-docker-sf-k8s,microservices-dotnetcore-docker-sf-k8s,48,2256,1,isolated,0,0,5,microservices-dotnetcore-docker-sf-k8s.npz
minik8s-ctf,minik8s-ctf,4,12,2,chain,2,4,4,minik8s-ctf.npz
netcore-microservices,netcore-microservices,55,2970,1,isolated,0,2,6,netcore-microservices.npz
opendatahub-operator,opendatahub-operator,23,506,0,clean,0,0,0,opendatahub-operator.npz
opentracing-istio-troubleshooting,opentracing-istio-troubleshooting,23,506,1,isolated,0,0,10,opentracing-istio-troubleshooting.npz
operator,operator,26,650,1,isolated,0,0,1,operator.npz
piggymetrics-k8s,piggymetrics-k8s,1,0,0,clean,0,0,0,piggymetrics-k8s.npz
podinfo,podinfo,42,1722,1,isolated,0,1,3,podinfo.npz
restful_relay,restful_relay,2,2,0,clean,0,0,0,restful_relay.npz
run-devops,run-devops,13,156,1,isolated,0,2,4,run-devops.npz
sa-traefik,sa-traefik,1,0,1,isolated,1,0,1,sa-traefik.npz
securekubernetes,securekubernetes,3,6,2,chain,2,3,3,securekubernetes.npz
simulator_build-a-backdoor,simulator_build-a-backdoor,3,6,1,isolated,0,3,3,simulator_build-a-backdoor.npz
simulator_cease-and-desist,simulator_cease-and-desist,3,6,1,isolated,0,3,3,simulator_cease-and-desist.npz
simulator_ci-runner-ng-breakout,simulator_ci-runner-ng-breakout,1,0,1,isolated,1,1,1,simulator_ci-runner-ng-breakout.npz
simulator_coastline-cluster-attack,simulator_coastline-cluster-attack,4,12,2,chain,2,4,4,simulator_coastline-cluster-attack.npz
simulator_commandeer-container,simulator_commandeer-container,1,0,1,isolated,0,1,1,simulator_commandeer-container.npz
simulator_identity-theft,simulator_identity-theft,8,56,2,chain,1,8,8,simulator_identity-theft.npz
simulator_pss-misconfiguration,simulator_pss-misconfiguration,2,2,2,chain,2,2,2,simulator_pss-misconfiguration.npz
simulator_seven-seas,simulator_seven-seas,5,20,2,chain,2,5,5,simulator_seven-seas.npz
sisyphus,sisyphus,1,0,0,clean,0,0,0,sisyphus.npz
skampi,skampi,7,42,0,clean,0,0,0,skampi.npz
spring-cloud-dataflow,spring-cloud-dataflow,72,5112,1,isolated,0,4,8,spring-cloud-dataflow.npz
spring-cloud-microservices-on-kubernetes,spring-cloud-microservices-on-kubernetes,11,110,0,clean,0,0,0,spring-cloud-microservices-on-kubernetes.npz
spring-microservices-k8s,spring-microservices-k8s,16,240,1,isolated,0,4,4,spring-microservices-k8s.npz
terraform-aks-microservices,terraform-aks-microservices,2,2,0,clean,0,0,0,terraform-aks-microservices.npz
tfm_swcraftsmanship,tfm_swcraftsmanship,7,42,0,clean,0,0,0,tfm_swcraftsmanship.npz
twitter-go,twitter-go,3,6,0,clean,0,0,0,twitter-go.npz
tye,tye,23,506,1,isolated,0,0,16,tye.npz
ultimate-stack,ultimate-stack,77,5852,1,isolated,0,0,14,ultimate-stack.npz
worklog,worklog,4,12,0,clean,0,0,0,worklog.npz
wrongsecrets-aws,wrongsecrets-aws,1,0,1,isolated,0,1,1,wrongsecrets-aws.npz
wrongsecrets-k8s,wrongsecrets-k8s,6,30,1,isolated,0,6,6,wrongsecrets-k8s.npz
wrongsecrets-okteto,wrongsecrets-okteto,2,2,1,isolated,0,2,2,wrongsecrets-okteto.npz
CloudFlix_aug_00,CloudFlix_aug_00,23,454,2,chain,2,0,6,CloudFlix_aug_00.npz
CloudFlix_aug_01,CloudFlix_aug_01,23,415,2,chain,2,0,6,CloudFlix_aug_01.npz
CloudFlix_aug_02,CloudFlix_aug_02,23,401,2,chain,2,0,6,CloudFlix_aug_02.npz
CloudFlix_aug_03,CloudFlix_aug_03,23,353,2,chain,2,0,6,CloudFlix_aug_03.npz
CloudFlix_aug_04,CloudFlix_aug_04,23,382,2,chain,2,0,6,CloudFlix_aug_04.npz
CloudFlix_aug_05,CloudFlix_aug_05,23,382,2,chain,2,0,6,CloudFlix_aug_05.npz
CloudFlix_aug_06,CloudFlix_aug_06,23,456,2,chain,2,0,6,CloudFlix_aug_06.npz
CloudFlix_aug_07,CloudFlix_aug_07,23,399,2,chain,2,0,6,CloudFlix_aug_07.npz
CloudFlix_aug_08,CloudFlix_aug_08,23,451,2,chain,2,0,6,CloudFlix_aug_08.npz
CloudFlix_aug_09,CloudFlix_aug_09,23,358,2,chain,2,0,6,CloudFlix_aug_09.npz
CloudFlix_aug_10,CloudFlix_aug_10,23,437,2,chain,2,0,6,CloudFlix_aug_10.npz
CloudFlix_aug_11,CloudFlix_aug_11,23,425,2,chain,2,0,6,CloudFlix_aug_11.npz
CloudFlix_aug_12,CloudFlix_aug_12,23,354,2,chain,2,0,6,CloudFlix_aug_12.npz
CloudFlix_aug_13,CloudFlix_aug_13,23,432,2,chain,2,0,6,CloudFlix_aug_13.npz
CloudFlix_aug_14,CloudFlix_aug_14,23,380,2,chain,2,0,6,CloudFlix_aug_14.npz
OpenStack-on-Kubernetes_aug_00,OpenStack-on-Kubernetes_aug_00,192,32672,2,chain,20,5,79,OpenStack-on-Kubernetes_aug_00.npz
OpenStack-on-Kubernetes_aug_01,OpenStack-on-Kubernetes_aug_01,192,28686,2,chain,20,5,79,OpenStack-on-Kubernetes_aug_01.npz
OpenStack-on-Kubernetes_aug_02,OpenStack-on-Kubernetes_aug_02,192,30976,2,chain,20,5,79,OpenStack-on-Kubernetes_aug_02.npz
OpenStack-on-Kubernetes_aug_03,OpenStack-on-Kubernetes_aug_03,192,31159,2,chain,20,5,79,OpenStack-on-Kubernetes_aug_03.npz
OpenStack-on-Kubernetes_aug_04,OpenStack-on-Kubernetes_aug_04,192,33193,2,chain,20,5,79,OpenStack-on-Kubernetes_aug_04.npz
OpenStack-on-Kubernetes_aug_05,OpenStack-on-Kubernetes_aug_05,192,29786,2,chain,20,5,79,OpenStack-on-Kubernetes_aug_05.npz
OpenStack-on-Kubernetes_aug_06,OpenStack-on-Kubernetes_aug_06,192,31031,2,chain,20,5,79,OpenStack-on-Kubernetes_aug_06.npz
OpenStack-on-Kubernetes_aug_07,OpenStack-on-Kubernetes_aug_07,192,30853,2,chain,20,5,79,OpenStack-on-Kubernetes_aug_07.npz
OpenStack-on-Kubernetes_aug_08,OpenStack-on-Kubernetes_aug_08,192,33208,2,chain,20,5,79,OpenStack-on-Kubernetes_aug_08.npz
OpenStack-on-Kubernetes_aug_09,OpenStack-on-Kubernetes_aug_09,192,29798,2,chain,20,5,79,OpenStack-on-Kubernetes_aug_09.npz
OpenStack-on-Kubernetes_aug_10,OpenStack-on-Kubernetes_aug_10,121,10570,2,chain,20,5,79,OpenStack-on-Kubernetes_aug_10.npz
OpenStack-on-Kubernetes_aug_11,OpenStack-on-Kubernetes_aug_11,95,7738,2,chain,20,5,79,OpenStack-on-Kubernetes_aug_11.npz
OpenStack-on-Kubernetes_aug_12,OpenStack-on-Kubernetes_aug_12,78,5238,2,chain,20,5,79,OpenStack-on-Kubernetes_aug_12.npz
OpenStack-on-Kubernetes_aug_13,OpenStack-on-Kubernetes_aug_13,80,4525,2,chain,20,5,79,OpenStack-on-Kubernetes_aug_13.npz
OpenStack-on-Kubernetes_aug_14,OpenStack-on-Kubernetes_aug_14,91,7230,2,chain,20,5,79,OpenStack-on-Kubernetes_aug_14.npz
aws-ebs-csi-driver_aug_00,aws-ebs-csi-driver_aug_00,3,6,2,chain,2,3,3,aws-ebs-csi-driver_aug_00.npz
aws-ebs-csi-driver_aug_01,aws-ebs-csi-driver_aug_01,3,6,2,chain,2,3,3,aws-ebs-csi-driver_aug_01.npz
aws-ebs-csi-driver_aug_02,aws-ebs-csi-driver_aug_02,3,6,2,chain,2,3,3,aws-ebs-csi-driver_aug_02.npz
aws-ebs-csi-driver_aug_03,aws-ebs-csi-driver_aug_03,3,6,2,chain,2,3,3,aws-ebs-csi-driver_aug_03.npz
aws-ebs-csi-driver_aug_04,aws-ebs-csi-driver_aug_04,3,6,2,chain,2,3,3,aws-ebs-csi-driver_aug_04.npz
aws-ebs-csi-driver_aug_05,aws-ebs-csi-driver_aug_05,3,6,2,chain,2,3,3,aws-ebs-csi-driver_aug_05.npz
aws-ebs-csi-driver_aug_06,aws-ebs-csi-driver_aug_06,3,6,2,chain,2,3,3,aws-ebs-csi-driver_aug_06.npz
aws-ebs-csi-driver_aug_07,aws-ebs-csi-driver_aug_07,3,6,2,chain,2,3,3,aws-ebs-csi-driver_aug_07.npz
aws-ebs-csi-driver_aug_08,aws-ebs-csi-driver_aug_08,3,6,2,chain,2,3,3,aws-ebs-csi-driver_aug_08.npz
aws-ebs-csi-driver_aug_09,aws-ebs-csi-driver_aug_09,3,6,2,chain,2,3,3,aws-ebs-csi-driver_aug_09.npz
aws-ebs-csi-driver_aug_10,aws-ebs-csi-driver_aug_10,3,6,2,chain,2,3,3,aws-ebs-csi-driver_aug_10.npz
aws-ebs-csi-driver_aug_11,aws-ebs-csi-driver_aug_11,3,6,2,chain,2,3,3,aws-ebs-csi-driver_aug_11.npz
aws-ebs-csi-driver_aug_12,aws-ebs-csi-driver_aug_12,3,6,2,chain,2,3,3,aws-ebs-csi-driver_aug_12.npz
aws-ebs-csi-driver_aug_13,aws-ebs-csi-driver_aug_13,3,6,2,chain,2,3,3,aws-ebs-csi-driver_aug_13.npz
aws-ebs-csi-driver_aug_14,aws-ebs-csi-driver_aug_14,3,6,2,chain,2,3,3,aws-ebs-csi-driver_aug_14.npz
badpods_everything-allowed_aug_00,badpods_everything-allowed_aug_00,16,240,2,chain,16,16,16,badpods_everything-allowed_aug_00.npz
badpods_everything-allowed_aug_01,badpods_everything-allowed_aug_01,16,240,2,chain,16,16,16,badpods_everything-allowed_aug_01.npz
badpods_everything-allowed_aug_02,badpods_everything-allowed_aug_02,16,240,2,chain,16,16,16,badpods_everything-allowed_aug_02.npz
badpods_everything-allowed_aug_03,badpods_everything-allowed_aug_03,16,240,2,chain,16,16,16,badpods_everything-allowed_aug_03.npz
badpods_everything-allowed_aug_04,badpods_everything-allowed_aug_04,16,240,2,chain,16,16,16,badpods_everything-allowed_aug_04.npz
badpods_everything-allowed_aug_05,badpods_everything-allowed_aug_05,16,240,2,chain,16,16,16,badpods_everything-allowed_aug_05.npz
badpods_everything-allowed_aug_06,badpods_everything-allowed_aug_06,16,240,2,chain,16,16,16,badpods_everything-allowed_aug_06.npz
badpods_everything-allowed_aug_07,badpods_everything-allowed_aug_07,16,240,2,chain,16,16,16,badpods_everything-allowed_aug_07.npz
badpods_everything-allowed_aug_08,badpods_everything-allowed_aug_08,16,240,2,chain,16,16,16,badpods_everything-allowed_aug_08.npz
badpods_everything-allowed_aug_09,badpods_everything-allowed_aug_09,16,240,2,chain,16,16,16,badpods_everything-allowed_aug_09.npz
badpods_everything-allowed_aug_10,badpods_everything-allowed_aug_10,16,240,2,chain,16,16,16,badpods_everything-allowed_aug_10.npz
badpods_everything-allowed_aug_11,badpods_everything-allowed_aug_11,16,240,2,chain,16,16,16,badpods_everything-allowed_aug_11.npz
badpods_everything-allowed_aug_12,badpods_everything-allowed_aug_12,16,240,2,chain,16,16,16,badpods_everything-allowed_aug_12.npz
badpods_everything-allowed_aug_13,badpods_everything-allowed_aug_13,16,240,2,chain,16,16,16,badpods_everything-allowed_aug_13.npz
badpods_everything-allowed_aug_14,badpods_everything-allowed_aug_14,16,240,2,chain,16,16,16,badpods_everything-allowed_aug_14.npz
badpods_hostipc_aug_00,badpods_hostipc_aug_00,16,240,2,chain,16,16,16,badpods_hostipc_aug_00.npz
badpods_hostipc_aug_01,badpods_hostipc_aug_01,16,240,2,chain,16,16,16,badpods_hostipc_aug_01.npz
badpods_hostipc_aug_02,badpods_hostipc_aug_02,16,240,2,chain,16,16,16,badpods_hostipc_aug_02.npz
badpods_hostipc_aug_03,badpods_hostipc_aug_03,16,240,2,chain,16,16,16,badpods_hostipc_aug_03.npz
badpods_hostipc_aug_04,badpods_hostipc_aug_04,16,240,2,chain,16,16,16,badpods_hostipc_aug_04.npz
badpods_hostipc_aug_05,badpods_hostipc_aug_05,16,240,2,chain,16,16,16,badpods_hostipc_aug_05.npz
badpods_hostipc_aug_06,badpods_hostipc_aug_06,16,240,2,chain,16,16,16,badpods_hostipc_aug_06.npz
badpods_hostipc_aug_07,badpods_hostipc_aug_07,16,240,2,chain,16,16,16,badpods_hostipc_aug_07.npz
badpods_hostipc_aug_08,badpods_hostipc_aug_08,16,240,2,chain,16,16,16,badpods_hostipc_aug_08.npz
badpods_hostipc_aug_09,badpods_hostipc_aug_09,16,240,2,chain,16,16,16,badpods_hostipc_aug_09.npz
badpods_hostipc_aug_10,badpods_hostipc_aug_10,16,240,2,chain,16,16,16,badpods_hostipc_aug_10.npz
badpods_hostipc_aug_11,badpods_hostipc_aug_11,16,240,2,chain,16,16,16,badpods_hostipc_aug_11.npz
badpods_hostipc_aug_12,badpods_hostipc_aug_12,16,240,2,chain,16,16,16,badpods_hostipc_aug_12.npz
badpods_hostipc_aug_13,badpods_hostipc_aug_13,16,240,2,chain,16,16,16,badpods_hostipc_aug_13.npz
badpods_hostipc_aug_14,badpods_hostipc_aug_14,16,240,2,chain,16,16,16,badpods_hostipc_aug_14.npz
badpods_hostnetwork_aug_00,badpods_hostnetwork_aug_00,16,240,2,chain,16,16,16,badpods_hostnetwork_aug_00.npz
badpods_hostnetwork_aug_01,badpods_hostnetwork_aug_01,16,240,2,chain,16,16,16,badpods_hostnetwork_aug_01.npz
badpods_hostnetwork_aug_02,badpods_hostnetwork_aug_02,16,240,2,chain,16,16,16,badpods_hostnetwork_aug_02.npz
badpods_hostnetwork_aug_03,badpods_hostnetwork_aug_03,16,240,2,chain,16,16,16,badpods_hostnetwork_aug_03.npz
badpods_hostnetwork_aug_04,badpods_hostnetwork_aug_04,16,240,2,chain,16,16,16,badpods_hostnetwork_aug_04.npz
badpods_hostnetwork_aug_05,badpods_hostnetwork_aug_05,16,240,2,chain,16,16,16,badpods_hostnetwork_aug_05.npz
badpods_hostnetwork_aug_06,badpods_hostnetwork_aug_06,16,240,2,chain,16,16,16,badpods_hostnetwork_aug_06.npz
badpods_hostnetwork_aug_07,badpods_hostnetwork_aug_07,16,240,2,chain,16,16,16,badpods_hostnetwork_aug_07.npz
badpods_hostnetwork_aug_08,badpods_hostnetwork_aug_08,16,240,2,chain,16,16,16,badpods_hostnetwork_aug_08.npz
badpods_hostnetwork_aug_09,badpods_hostnetwork_aug_09,16,240,2,chain,16,16,16,badpods_hostnetwork_aug_09.npz
badpods_hostnetwork_aug_10,badpods_hostnetwork_aug_10,16,240,2,chain,16,16,16,badpods_hostnetwork_aug_10.npz
badpods_hostnetwork_aug_11,badpods_hostnetwork_aug_11,16,240,2,chain,16,16,16,badpods_hostnetwork_aug_11.npz
badpods_hostnetwork_aug_12,badpods_hostnetwork_aug_12,16,240,2,chain,16,16,16,badpods_hostnetwork_aug_12.npz
badpods_hostnetwork_aug_13,badpods_hostnetwork_aug_13,16,240,2,chain,16,16,16,badpods_hostnetwork_aug_13.npz
badpods_hostnetwork_aug_14,badpods_hostnetwork_aug_14,16,240,2,chain,16,16,16,badpods_hostnetwork_aug_14.npz
badpods_hostpath_aug_00,badpods_hostpath_aug_00,16,240,2,chain,16,16,16,badpods_hostpath_aug_00.npz
badpods_hostpath_aug_01,badpods_hostpath_aug_01,16,240,2,chain,16,16,16,badpods_hostpath_aug_01.npz
badpods_hostpath_aug_02,badpods_hostpath_aug_02,16,240,2,chain,16,16,16,badpods_hostpath_aug_02.npz
badpods_hostpath_aug_03,badpods_hostpath_aug_03,16,240,2,chain,16,16,16,badpods_hostpath_aug_03.npz
badpods_hostpath_aug_04,badpods_hostpath_aug_04,16,240,2,chain,16,16,16,badpods_hostpath_aug_04.npz
badpods_hostpath_aug_05,badpods_hostpath_aug_05,16,240,2,chain,16,16,16,badpods_hostpath_aug_05.npz
badpods_hostpath_aug_06,badpods_hostpath_aug_06,16,240,2,chain,16,16,16,badpods_hostpath_aug_06.npz
badpods_hostpath_aug_07,badpods_hostpath_aug_07,16,240,2,chain,16,16,16,badpods_hostpath_aug_07.npz
badpods_hostpath_aug_08,badpods_hostpath_aug_08,16,240,2,chain,16,16,16,badpods_hostpath_aug_08.npz
badpods_hostpath_aug_09,badpods_hostpath_aug_09,16,240,2,chain,16,16,16,badpods_hostpath_aug_09.npz
badpods_hostpath_aug_10,badpods_hostpath_aug_10,16,240,2,chain,16,16,16,badpods_hostpath_aug_10.npz
badpods_hostpath_aug_11,badpods_hostpath_aug_11,16,240,2,chain,16,16,16,badpods_hostpath_aug_11.npz
badpods_hostpath_aug_12,badpods_hostpath_aug_12,16,240,2,chain,16,16,16,badpods_hostpath_aug_12.npz
badpods_hostpath_aug_13,badpods_hostpath_aug_13,16,240,2,chain,16,16,16,badpods_hostpath_aug_13.npz
badpods_hostpath_aug_14,badpods_hostpath_aug_14,16,240,2,chain,16,16,16,badpods_hostpath_aug_14.npz
badpods_hostpid_aug_00,badpods_hostpid_aug_00,16,240,2,chain,16,16,16,badpods_hostpid_aug_00.npz
badpods_hostpid_aug_01,badpods_hostpid_aug_01,16,240,2,chain,16,16,16,badpods_hostpid_aug_01.npz
badpods_hostpid_aug_02,badpods_hostpid_aug_02,16,240,2,chain,16,16,16,badpods_hostpid_aug_02.npz
badpods_hostpid_aug_03,badpods_hostpid_aug_03,16,240,2,chain,16,16,16,badpods_hostpid_aug_03.npz
badpods_hostpid_aug_04,badpods_hostpid_aug_04,16,240,2,chain,16,16,16,badpods_hostpid_aug_04.npz
badpods_hostpid_aug_05,badpods_hostpid_aug_05,16,240,2,chain,16,16,16,badpods_hostpid_aug_05.npz
badpods_hostpid_aug_06,badpods_hostpid_aug_06,16,240,2,chain,16,16,16,badpods_hostpid_aug_06.npz
badpods_hostpid_aug_07,badpods_hostpid_aug_07,16,240,2,chain,16,16,16,badpods_hostpid_aug_07.npz
badpods_hostpid_aug_08,badpods_hostpid_aug_08,16,240,2,chain,16,16,16,badpods_hostpid_aug_08.npz
badpods_hostpid_aug_09,badpods_hostpid_aug_09,16,240,2,chain,16,16,16,badpods_hostpid_aug_09.npz
badpods_hostpid_aug_10,badpods_hostpid_aug_10,16,240,2,chain,16,16,16,badpods_hostpid_aug_10.npz
badpods_hostpid_aug_11,badpods_hostpid_aug_11,16,240,2,chain,16,16,16,badpods_hostpid_aug_11.npz
badpods_hostpid_aug_12,badpods_hostpid_aug_12,16,240,2,chain,16,16,16,badpods_hostpid_aug_12.npz
badpods_hostpid_aug_13,badpods_hostpid_aug_13,16,240,2,chain,16,16,16,badpods_hostpid_aug_13.npz
badpods_hostpid_aug_14,badpods_hostpid_aug_14,16,240,2,chain,16,16,16,badpods_hostpid_aug_14.npz
badpods_priv_aug_00,badpods_priv_aug_00,16,240,2,chain,16,16,16,badpods_priv_aug_00.npz
badpods_priv_aug_01,badpods_priv_aug_01,16,240,2,chain,16,16,16,badpods_priv_aug_01.npz
badpods_priv_aug_02,badpods_priv_aug_02,16,240,2,chain,16,16,16,badpods_priv_aug_02.npz
badpods_priv_aug_03,badpods_priv_aug_03,16,240,2,chain,16,16,16,badpods_priv_aug_03.npz
badpods_priv_aug_04,badpods_priv_aug_04,16,240,2,chain,16,16,16,badpods_priv_aug_04.npz
badpods_priv_aug_05,badpods_priv_aug_05,16,240,2,chain,16,16,16,badpods_priv_aug_05.npz
badpods_priv_aug_06,badpods_priv_aug_06,16,240,2,chain,16,16,16,badpods_priv_aug_06.npz
badpods_priv_aug_07,badpods_priv_aug_07,16,240,2,chain,16,16,16,badpods_priv_aug_07.npz
badpods_priv_aug_08,badpods_priv_aug_08,16,240,2,chain,16,16,16,badpods_priv_aug_08.npz
badpods_priv_aug_09,badpods_priv_aug_09,16,240,2,chain,16,16,16,badpods_priv_aug_09.npz
badpods_priv_aug_10,badpods_priv_aug_10,16,240,2,chain,16,16,16,badpods_priv_aug_10.npz
badpods_priv_aug_11,badpods_priv_aug_11,16,240,2,chain,16,16,16,badpods_priv_aug_11.npz
badpods_priv_aug_12,badpods_priv_aug_12,16,240,2,chain,16,16,16,badpods_priv_aug_12.npz
badpods_priv_aug_13,badpods_priv_aug_13,16,240,2,chain,16,16,16,badpods_priv_aug_13.npz
badpods_priv_aug_14,badpods_priv_aug_14,16,240,2,chain,16,16,16,badpods_priv_aug_14.npz
badpods_priv-and-hostpid_aug_00,badpods_priv-and-hostpid_aug_00,16,240,2,chain,16,16,16,badpods_priv-and-hostpid_aug_00.npz
badpods_priv-and-hostpid_aug_01,badpods_priv-and-hostpid_aug_01,16,240,2,chain,16,16,16,badpods_priv-and-hostpid_aug_01.npz
badpods_priv-and-hostpid_aug_02,badpods_priv-and-hostpid_aug_02,16,240,2,chain,16,16,16,badpods_priv-and-hostpid_aug_02.npz
badpods_priv-and-hostpid_aug_03,badpods_priv-and-hostpid_aug_03,16,240,2,chain,16,16,16,badpods_priv-and-hostpid_aug_03.npz
badpods_priv-and-hostpid_aug_04,badpods_priv-and-hostpid_aug_04,16,240,2,chain,16,16,16,badpods_priv-and-hostpid_aug_04.npz
badpods_priv-and-hostpid_aug_05,badpods_priv-and-hostpid_aug_05,16,240,2,chain,16,16,16,badpods_priv-and-hostpid_aug_05.npz
badpods_priv-and-hostpid_aug_06,badpods_priv-and-hostpid_aug_06,16,240,2,chain,16,16,16,badpods_priv-and-hostpid_aug_06.npz
badpods_priv-and-hostpid_aug_07,badpods_priv-and-hostpid_aug_07,16,240,2,chain,16,16,16,badpods_priv-and-hostpid_aug_07.npz
badpods_priv-and-hostpid_aug_08,badpods_priv-and-hostpid_aug_08,16,240,2,chain,16,16,16,badpods_priv-and-hostpid_aug_08.npz
badpods_priv-and-hostpid_aug_09,badpods_priv-and-hostpid_aug_09,16,240,2,chain,16,16,16,badpods_priv-and-hostpid_aug_09.npz
badpods_priv-and-hostpid_aug_10,badpods_priv-and-hostpid_aug_10,16,240,2,chain,16,16,16,badpods_priv-and-hostpid_aug_10.npz
badpods_priv-and-hostpid_aug_11,badpods_priv-and-hostpid_aug_11,16,240,2,chain,16,16,16,badpods_priv-and-hostpid_aug_11.npz
badpods_priv-and-hostpid_aug_12,badpods_priv-and-hostpid_aug_12,16,240,2,chain,16,16,16,badpods_priv-and-hostpid_aug_12.npz
badpods_priv-and-hostpid_aug_13,badpods_priv-and-hostpid_aug_13,16,240,2,chain,16,16,16,badpods_priv-and-hostpid_aug_13.npz
badpods_priv-and-hostpid_aug_14,badpods_priv-and-hostpid_aug_14,16,240,2,chain,16,16,16,badpods_priv-and-hostpid_aug_14.npz
calico_aug_00,calico_aug_00,16,235,2,chain,15,16,16,calico_aug_00.npz
calico_aug_01,calico_aug_01,16,236,2,chain,15,16,16,calico_aug_01.npz
calico_aug_02,calico_aug_02,16,235,2,chain,15,16,16,calico_aug_02.npz
calico_aug_03,calico_aug_03,16,237,2,chain,15,16,16,calico_aug_03.npz
calico_aug_04,calico_aug_04,16,238,2,chain,15,16,16,calico_aug_04.npz
calico_aug_05,calico_aug_05,16,238,2,chain,15,16,16,calico_aug_05.npz
calico_aug_06,calico_aug_06,16,238,2,chain,15,16,16,calico_aug_06.npz
calico_aug_07,calico_aug_07,16,238,2,chain,15,16,16,calico_aug_07.npz
calico_aug_08,calico_aug_08,16,237,2,chain,15,16,16,calico_aug_08.npz
calico_aug_09,calico_aug_09,16,238,2,chain,15,16,16,calico_aug_09.npz
calico_aug_10,calico_aug_10,16,238,2,chain,15,16,16,calico_aug_10.npz
calico_aug_11,calico_aug_11,16,237,2,chain,15,16,16,calico_aug_11.npz
calico_aug_12,calico_aug_12,16,236,2,chain,15,16,16,calico_aug_12.npz
calico_aug_13,calico_aug_13,16,237,2,chain,15,16,16,calico_aug_13.npz
calico_aug_14,calico_aug_14,16,238,2,chain,15,16,16,calico_aug_14.npz
datadog_agent-only_aug_00,datadog_agent-only_aug_00,2,2,2,chain,1,2,2,datadog_agent-only_aug_00.npz
datadog_agent-only_aug_01,datadog_agent-only_aug_01,2,2,2,chain,1,2,2,datadog_agent-only_aug_01.npz
datadog_agent-only_aug_02,datadog_agent-only_aug_02,2,2,2,chain,1,2,2,datadog_agent-only_aug_02.npz
datadog_agent-only_aug_03,datadog_agent-only_aug_03,2,2,2,chain,1,2,2,datadog_agent-only_aug_03.npz
datadog_agent-only_aug_04,datadog_agent-only_aug_04,2,2,2,chain,1,2,2,datadog_agent-only_aug_04.npz
datadog_agent-only_aug_05,datadog_agent-only_aug_05,2,2,2,chain,1,2,2,datadog_agent-only_aug_05.npz
datadog_agent-only_aug_06,datadog_agent-only_aug_06,2,2,2,chain,1,2,2,datadog_agent-only_aug_06.npz
datadog_agent-only_aug_07,datadog_agent-only_aug_07,2,2,2,chain,1,2,2,datadog_agent-only_aug_07.npz
datadog_agent-only_aug_08,datadog_agent-only_aug_08,2,2,2,chain,1,2,2,datadog_agent-only_aug_08.npz
datadog_agent-only_aug_09,datadog_agent-only_aug_09,2,2,2,chain,1,2,2,datadog_agent-only_aug_09.npz
datadog_agent-only_aug_10,datadog_agent-only_aug_10,2,2,2,chain,1,2,2,datadog_agent-only_aug_10.npz
datadog_agent-only_aug_11,datadog_agent-only_aug_11,2,2,2,chain,1,2,2,datadog_agent-only_aug_11.npz
datadog_agent-only_aug_12,datadog_agent-only_aug_12,2,2,2,chain,1,2,2,datadog_agent-only_aug_12.npz
datadog_agent-only_aug_13,datadog_agent-only_aug_13,2,2,2,chain,1,2,2,datadog_agent-only_aug_13.npz
datadog_agent-only_aug_14,datadog_agent-only_aug_14,2,2,2,chain,1,2,2,datadog_agent-only_aug_14.npz
datadog_all-containers_aug_00,datadog_all-containers_aug_00,2,2,2,chain,1,2,2,datadog_all-containers_aug_00.npz
datadog_all-containers_aug_01,datadog_all-containers_aug_01,2,2,2,chain,1,2,2,datadog_all-containers_aug_01.npz
datadog_all-containers_aug_02,datadog_all-containers_aug_02,2,2,2,chain,1,2,2,datadog_all-containers_aug_02.npz
datadog_all-containers_aug_03,datadog_all-containers_aug_03,2,2,2,chain,1,2,2,datadog_all-containers_aug_03.npz
datadog_all-containers_aug_04,datadog_all-containers_aug_04,2,2,2,chain,1,2,2,datadog_all-containers_aug_04.npz
datadog_all-containers_aug_05,datadog_all-containers_aug_05,2,2,2,chain,1,2,2,datadog_all-containers_aug_05.npz
datadog_all-containers_aug_06,datadog_all-containers_aug_06,2,2,2,chain,1,2,2,datadog_all-containers_aug_06.npz
datadog_all-containers_aug_07,datadog_all-containers_aug_07,2,2,2,chain,1,2,2,datadog_all-containers_aug_07.npz
datadog_all-containers_aug_08,datadog_all-containers_aug_08,2,2,2,chain,1,2,2,datadog_all-containers_aug_08.npz
datadog_all-containers_aug_09,datadog_all-containers_aug_09,2,2,2,chain,1,2,2,datadog_all-containers_aug_09.npz
datadog_all-containers_aug_10,datadog_all-containers_aug_10,2,2,2,chain,1,2,2,datadog_all-containers_aug_10.npz
datadog_all-containers_aug_11,datadog_all-containers_aug_11,2,2,2,chain,1,2,2,datadog_all-containers_aug_11.npz
datadog_all-containers_aug_12,datadog_all-containers_aug_12,2,2,2,chain,1,2,2,datadog_all-containers_aug_12.npz
datadog_all-containers_aug_13,datadog_all-containers_aug_13,2,2,2,chain,1,2,2,datadog_all-containers_aug_13.npz
datadog_all-containers_aug_14,datadog_all-containers_aug_14,2,2,2,chain,1,2,2,datadog_all-containers_aug_14.npz
datadog_cluster-agent_aug_00,datadog_cluster-agent_aug_00,2,2,2,chain,1,2,2,datadog_cluster-agent_aug_00.npz
datadog_cluster-agent_aug_01,datadog_cluster-agent_aug_01,2,2,2,chain,1,2,2,datadog_cluster-agent_aug_01.npz
datadog_cluster-agent_aug_02,datadog_cluster-agent_aug_02,2,2,2,chain,1,2,2,datadog_cluster-agent_aug_02.npz
datadog_cluster-agent_aug_03,datadog_cluster-agent_aug_03,2,2,2,chain,1,2,2,datadog_cluster-agent_aug_03.npz
datadog_cluster-agent_aug_04,datadog_cluster-agent_aug_04,2,2,2,chain,1,2,2,datadog_cluster-agent_aug_04.npz
datadog_cluster-agent_aug_05,datadog_cluster-agent_aug_05,2,2,2,chain,1,2,2,datadog_cluster-agent_aug_05.npz
datadog_cluster-agent_aug_06,datadog_cluster-agent_aug_06,2,2,2,chain,1,2,2,datadog_cluster-agent_aug_06.npz
datadog_cluster-agent_aug_07,datadog_cluster-agent_aug_07,2,2,2,chain,1,2,2,datadog_cluster-agent_aug_07.npz
datadog_cluster-agent_aug_08,datadog_cluster-agent_aug_08,2,2,2,chain,1,2,2,datadog_cluster-agent_aug_08.npz
datadog_cluster-agent_aug_09,datadog_cluster-agent_aug_09,2,2,2,chain,1,2,2,datadog_cluster-agent_aug_09.npz
datadog_cluster-agent_aug_10,datadog_cluster-agent_aug_10,2,2,2,chain,1,2,2,datadog_cluster-agent_aug_10.npz
datadog_cluster-agent_aug_11,datadog_cluster-agent_aug_11,2,2,2,chain,1,2,2,datadog_cluster-agent_aug_11.npz
datadog_cluster-agent_aug_12,datadog_cluster-agent_aug_12,2,2,2,chain,1,2,2,datadog_cluster-agent_aug_12.npz
datadog_cluster-agent_aug_13,datadog_cluster-agent_aug_13,2,2,2,chain,1,2,2,datadog_cluster-agent_aug_13.npz
datadog_cluster-agent_aug_14,datadog_cluster-agent_aug_14,2,2,2,chain,1,2,2,datadog_cluster-agent_aug_14.npz
datadog_cluster-agent-datadogmetrics_aug_00,datadog_cluster-agent-datadogmetrics_aug_00,2,2,2,chain,1,2,2,datadog_cluster-agent-datadogmetrics_aug_00.npz
datadog_cluster-agent-datadogmetrics_aug_01,datadog_cluster-agent-datadogmetrics_aug_01,2,2,2,chain,1,2,2,datadog_cluster-agent-datadogmetrics_aug_01.npz
datadog_cluster-agent-datadogmetrics_aug_02,datadog_cluster-agent-datadogmetrics_aug_02,2,2,2,chain,1,2,2,datadog_cluster-agent-datadogmetrics_aug_02.npz
datadog_cluster-agent-datadogmetrics_aug_03,datadog_cluster-agent-datadogmetrics_aug_03,2,2,2,chain,1,2,2,datadog_cluster-agent-datadogmetrics_aug_03.npz
datadog_cluster-agent-datadogmetrics_aug_04,datadog_cluster-agent-datadogmetrics_aug_04,2,2,2,chain,1,2,2,datadog_cluster-agent-datadogmetrics_aug_04.npz
datadog_cluster-agent-datadogmetrics_aug_05,datadog_cluster-agent-datadogmetrics_aug_05,2,2,2,chain,1,2,2,datadog_cluster-agent-datadogmetrics_aug_05.npz
datadog_cluster-agent-datadogmetrics_aug_06,datadog_cluster-agent-datadogmetrics_aug_06,2,2,2,chain,1,2,2,datadog_cluster-agent-datadogmetrics_aug_06.npz
datadog_cluster-agent-datadogmetrics_aug_07,datadog_cluster-agent-datadogmetrics_aug_07,2,2,2,chain,1,2,2,datadog_cluster-agent-datadogmetrics_aug_07.npz
datadog_cluster-agent-datadogmetrics_aug_08,datadog_cluster-agent-datadogmetrics_aug_08,2,2,2,chain,1,2,2,datadog_cluster-agent-datadogmetrics_aug_08.npz
datadog_cluster-agent-datadogmetrics_aug_09,datadog_cluster-agent-datadogmetrics_aug_09,2,2,2,chain,1,2,2,datadog_cluster-agent-datadogmetrics_aug_09.npz
datadog_cluster-agent-datadogmetrics_aug_10,datadog_cluster-agent-datadogmetrics_aug_10,2,2,2,chain,1,2,2,datadog_cluster-agent-datadogmetrics_aug_10.npz
datadog_cluster-agent-datadogmetrics_aug_11,datadog_cluster-agent-datadogmetrics_aug_11,2,2,2,chain,1,2,2,datadog_cluster-agent-datadogmetrics_aug_11.npz
datadog_cluster-agent-datadogmetrics_aug_12,datadog_cluster-agent-datadogmetrics_aug_12,2,2,2,chain,1,2,2,datadog_cluster-agent-datadogmetrics_aug_12.npz
datadog_cluster-agent-datadogmetrics_aug_13,datadog_cluster-agent-datadogmetrics_aug_13,2,2,2,chain,1,2,2,datadog_cluster-agent-datadogmetrics_aug_13.npz
datadog_cluster-agent-datadogmetrics_aug_14,datadog_cluster-agent-datadogmetrics_aug_14,2,2,2,chain,1,2,2,datadog_cluster-agent-datadogmetrics_aug_14.npz
datadog_cluster-checks-runners_aug_00,datadog_cluster-checks-runners_aug_00,3,6,2,chain,1,3,3,datadog_cluster-checks-runners_aug_00.npz
datadog_cluster-checks-runners_aug_01,datadog_cluster-checks-runners_aug_01,3,6,2,chain,1,3,3,datadog_cluster-checks-runners_aug_01.npz
datadog_cluster-checks-runners_aug_02,datadog_cluster-checks-runners_aug_02,3,6,2,chain,1,3,3,datadog_cluster-checks-runners_aug_02.npz
datadog_cluster-checks-runners_aug_03,datadog_cluster-checks-runners_aug_03,3,5,2,chain,1,3,3,datadog_cluster-checks-runners_aug_03.npz
datadog_cluster-checks-runners_aug_04,datadog_cluster-checks-runners_aug_04,3,6,2,chain,1,3,3,datadog_cluster-checks-runners_aug_04.npz
datadog_cluster-checks-runners_aug_05,datadog_cluster-checks-runners_aug_05,3,5,2,chain,1,3,3,datadog_cluster-checks-runners_aug_05.npz
datadog_cluster-checks-runners_aug_06,datadog_cluster-checks-runners_aug_06,3,5,2,chain,1,3,3,datadog_cluster-checks-runners_aug_06.npz
datadog_cluster-checks-runners_aug_07,datadog_cluster-checks-runners_aug_07,3,5,2,chain,1,3,3,datadog_cluster-checks-runners_aug_07.npz
datadog_cluster-checks-runners_aug_08,datadog_cluster-checks-runners_aug_08,3,5,2,chain,1,3,3,datadog_cluster-checks-runners_aug_08.npz
datadog_cluster-checks-runners_aug_09,datadog_cluster-checks-runners_aug_09,3,6,2,chain,1,3,3,datadog_cluster-checks-runners_aug_09.npz
datadog_cluster-checks-runners_aug_10,datadog_cluster-checks-runners_aug_10,3,5,2,chain,1,3,3,datadog_cluster-checks-runners_aug_10.npz
datadog_cluster-checks-runners_aug_11,datadog_cluster-checks-runners_aug_11,3,6,2,chain,1,3,3,datadog_cluster-checks-runners_aug_11.npz
datadog_cluster-checks-runners_aug_12,datadog_cluster-checks-runners_aug_12,3,5,2,chain,1,3,3,datadog_cluster-checks-runners_aug_12.npz
datadog_cluster-checks-runners_aug_13,datadog_cluster-checks-runners_aug_13,3,6,2,chain,1,3,3,datadog_cluster-checks-runners_aug_13.npz
datadog_cluster-checks-runners_aug_14,datadog_cluster-checks-runners_aug_14,3,6,2,chain,1,3,3,datadog_cluster-checks-runners_aug_14.npz
datadog_kubernetes_state_core_aug_00,datadog_kubernetes_state_core_aug_00,2,2,2,chain,1,2,2,datadog_kubernetes_state_core_aug_00.npz
datadog_kubernetes_state_core_aug_01,datadog_kubernetes_state_core_aug_01,2,2,2,chain,1,2,2,datadog_kubernetes_state_core_aug_01.npz
datadog_kubernetes_state_core_aug_02,datadog_kubernetes_state_core_aug_02,2,2,2,chain,1,2,2,datadog_kubernetes_state_core_aug_02.npz
datadog_kubernetes_state_core_aug_03,datadog_kubernetes_state_core_aug_03,2,2,2,chain,1,2,2,datadog_kubernetes_state_core_aug_03.npz
datadog_kubernetes_state_core_aug_04,datadog_kubernetes_state_core_aug_04,2,2,2,chain,1,2,2,datadog_kubernetes_state_core_aug_04.npz
datadog_kubernetes_state_core_aug_05,datadog_kubernetes_state_core_aug_05,2,2,2,chain,1,2,2,datadog_kubernetes_state_core_aug_05.npz
datadog_kubernetes_state_core_aug_06,datadog_kubernetes_state_core_aug_06,2,2,2,chain,1,2,2,datadog_kubernetes_state_core_aug_06.npz
datadog_kubernetes_state_core_aug_07,datadog_kubernetes_state_core_aug_07,2,2,2,chain,1,2,2,datadog_kubernetes_state_core_aug_07.npz
datadog_kubernetes_state_core_aug_08,datadog_kubernetes_state_core_aug_08,2,2,2,chain,1,2,2,datadog_kubernetes_state_core_aug_08.npz
datadog_kubernetes_state_core_aug_09,datadog_kubernetes_state_core_aug_09,2,2,2,chain,1,2,2,datadog_kubernetes_state_core_aug_09.npz
datadog_kubernetes_state_core_aug_10,datadog_kubernetes_state_core_aug_10,2,2,2,chain,1,2,2,datadog_kubernetes_state_core_aug_10.npz
datadog_kubernetes_state_core_aug_11,datadog_kubernetes_state_core_aug_11,2,2,2,chain,1,2,2,datadog_kubernetes_state_core_aug_11.npz
datadog_kubernetes_state_core_aug_12,datadog_kubernetes_state_core_aug_12,2,2,2,chain,1,2,2,datadog_kubernetes_state_core_aug_12.npz
datadog_kubernetes_state_core_aug_13,datadog_kubernetes_state_core_aug_13,2,2,2,chain,1,2,2,datadog_kubernetes_state_core_aug_13.npz
datadog_kubernetes_state_core_aug_14,datadog_kubernetes_state_core_aug_14,2,2,2,chain,1,2,2,datadog_kubernetes_state_core_aug_14.npz
datadog_orchestrator-explorer_aug_00,datadog_orchestrator-explorer_aug_00,2,2,2,chain,1,2,2,datadog_orchestrator-explorer_aug_00.npz
datadog_orchestrator-explorer_aug_01,datadog_orchestrator-explorer_aug_01,2,2,2,chain,1,2,2,datadog_orchestrator-explorer_aug_01.npz
datadog_orchestrator-explorer_aug_02,datadog_orchestrator-explorer_aug_02,2,2,2,chain,1,2,2,datadog_orchestrator-explorer_aug_02.npz
datadog_orchestrator-explorer_aug_03,datadog_orchestrator-explorer_aug_03,2,2,2,chain,1,2,2,datadog_orchestrator-explorer_aug_03.npz
datadog_orchestrator-explorer_aug_04,datadog_orchestrator-explorer_aug_04,2,2,2,chain,1,2,2,datadog_orchestrator-explorer_aug_04.npz
datadog_orchestrator-explorer_aug_05,datadog_orchestrator-explorer_aug_05,2,2,2,chain,1,2,2,datadog_orchestrator-explorer_aug_05.npz
datadog_orchestrator-explorer_aug_06,datadog_orchestrator-explorer_aug_06,2,2,2,chain,1,2,2,datadog_orchestrator-explorer_aug_06.npz
datadog_orchestrator-explorer_aug_07,datadog_orchestrator-explorer_aug_07,2,2,2,chain,1,2,2,datadog_orchestrator-explorer_aug_07.npz
datadog_orchestrator-explorer_aug_08,datadog_orchestrator-explorer_aug_08,2,2,2,chain,1,2,2,datadog_orchestrator-explorer_aug_08.npz
datadog_orchestrator-explorer_aug_09,datadog_orchestrator-explorer_aug_09,2,2,2,chain,1,2,2,datadog_orchestrator-explorer_aug_09.npz
datadog_orchestrator-explorer_aug_10,datadog_orchestrator-explorer_aug_10,2,2,2,chain,1,2,2,datadog_orchestrator-explorer_aug_10.npz
datadog_orchestrator-explorer_aug_11,datadog_orchestrator-explorer_aug_11,2,2,2,chain,1,2,2,datadog_orchestrator-explorer_aug_11.npz
datadog_orchestrator-explorer_aug_12,datadog_orchestrator-explorer_aug_12,2,2,2,chain,1,2,2,datadog_orchestrator-explorer_aug_12.npz
datadog_orchestrator-explorer_aug_13,datadog_orchestrator-explorer_aug_13,2,2,2,chain,1,2,2,datadog_orchestrator-explorer_aug_13.npz
datadog_orchestrator-explorer_aug_14,datadog_orchestrator-explorer_aug_14,2,2,2,chain,1,2,2,datadog_orchestrator-explorer_aug_14.npz
datadog_security-agent_aug_00,datadog_security-agent_aug_00,2,2,2,chain,1,2,2,datadog_security-agent_aug_00.npz
datadog_security-agent_aug_01,datadog_security-agent_aug_01,2,2,2,chain,1,2,2,datadog_security-agent_aug_01.npz
datadog_security-agent_aug_02,datadog_security-agent_aug_02,2,2,2,chain,1,2,2,datadog_security-agent_aug_02.npz
datadog_security-agent_aug_03,datadog_security-agent_aug_03,2,2,2,chain,1,2,2,datadog_security-agent_aug_03.npz
datadog_security-agent_aug_04,datadog_security-agent_aug_04,2,2,2,chain,1,2,2,datadog_security-agent_aug_04.npz
datadog_security-agent_aug_05,datadog_security-agent_aug_05,2,2,2,chain,1,2,2,datadog_security-agent_aug_05.npz
datadog_security-agent_aug_06,datadog_security-agent_aug_06,2,2,2,chain,1,2,2,datadog_security-agent_aug_06.npz
datadog_security-agent_aug_07,datadog_security-agent_aug_07,2,2,2,chain,1,2,2,datadog_security-agent_aug_07.npz
datadog_security-agent_aug_08,datadog_security-agent_aug_08,2,2,2,chain,1,2,2,datadog_security-agent_aug_08.npz
datadog_security-agent_aug_09,datadog_security-agent_aug_09,2,2,2,chain,1,2,2,datadog_security-agent_aug_09.npz
datadog_security-agent_aug_10,datadog_security-agent_aug_10,2,2,2,chain,1,2,2,datadog_security-agent_aug_10.npz
datadog_security-agent_aug_11,datadog_security-agent_aug_11,2,2,2,chain,1,2,2,datadog_security-agent_aug_11.npz
datadog_security-agent_aug_12,datadog_security-agent_aug_12,2,2,2,chain,1,2,2,datadog_security-agent_aug_12.npz
datadog_security-agent_aug_13,datadog_security-agent_aug_13,2,2,2,chain,1,2,2,datadog_security-agent_aug_13.npz
datadog_security-agent_aug_14,datadog_security-agent_aug_14,2,2,2,chain,1,2,2,datadog_security-agent_aug_14.npz
datree-tests_aug_00,datree-tests_aug_00,148,21755,2,chain,8,148,148,datree-tests_aug_00.npz
datree-tests_aug_01,datree-tests_aug_01,148,21755,2,chain,8,148,148,datree-tests_aug_01.npz
datree-tests_aug_02,datree-tests_aug_02,148,21755,2,chain,8,148,148,datree-tests_aug_02.npz
datree-tests_aug_03,datree-tests_aug_03,148,21755,2,chain,8,148,148,datree-tests_aug_03.npz
datree-tests_aug_04,datree-tests_aug_04,148,21756,2,chain,8,148,148,datree-tests_aug_04.npz
datree-tests_aug_05,datree-tests_aug_05,148,21756,2,chain,8,148,148,datree-tests_aug_05.npz
datree-tests_aug_06,datree-tests_aug_06,148,21755,2,chain,8,148,148,datree-tests_aug_06.npz
datree-tests_aug_07,datree-tests_aug_07,148,21756,2,chain,8,148,148,datree-tests_aug_07.npz
datree-tests_aug_08,datree-tests_aug_08,148,21756,2,chain,8,148,148,datree-tests_aug_08.npz
datree-tests_aug_09,datree-tests_aug_09,148,21756,2,chain,8,148,148,datree-tests_aug_09.npz
datree-tests_aug_10,datree-tests_aug_10,87,7482,2,chain,8,148,148,datree-tests_aug_10.npz
datree-tests_aug_11,datree-tests_aug_11,101,10100,2,chain,8,148,148,datree-tests_aug_11.npz
datree-tests_aug_12,datree-tests_aug_12,59,3422,2,chain,8,148,148,datree-tests_aug_12.npz
datree-tests_aug_13,datree-tests_aug_13,67,4422,2,chain,8,148,148,datree-tests_aug_13.npz
datree-tests_aug_14,datree-tests_aug_14,67,4422,2,chain,8,148,148,datree-tests_aug_14.npz
emissary_aug_00,emissary_aug_00,141,15204,2,chain,1,6,23,emissary_aug_00.npz
emissary_aug_01,emissary_aug_01,141,16568,2,chain,1,6,23,emissary_aug_01.npz
emissary_aug_02,emissary_aug_02,141,16541,2,chain,1,6,23,emissary_aug_02.npz
emissary_aug_03,emissary_aug_03,141,17827,2,chain,1,6,23,emissary_aug_03.npz
emissary_aug_04,emissary_aug_04,141,17685,2,chain,1,6,23,emissary_aug_04.npz
emissary_aug_05,emissary_aug_05,141,13690,2,chain,1,6,23,emissary_aug_05.npz
emissary_aug_06,emissary_aug_06,141,15770,2,chain,1,6,23,emissary_aug_06.npz
emissary_aug_07,emissary_aug_07,141,13873,2,chain,1,6,23,emissary_aug_07.npz
emissary_aug_08,emissary_aug_08,141,17849,2,chain,1,6,23,emissary_aug_08.npz
emissary_aug_09,emissary_aug_09,141,14599,2,chain,1,6,23,emissary_aug_09.npz
emissary_aug_10,emissary_aug_10,90,6191,2,chain,1,6,23,emissary_aug_10.npz
emissary_aug_11,emissary_aug_11,96,7167,2,chain,1,6,23,emissary_aug_11.npz
emissary_aug_12,emissary_aug_12,141,15483,2,chain,1,6,23,emissary_aug_12.npz
emissary_aug_13,emissary_aug_13,141,13772,2,chain,1,6,23,emissary_aug_13.npz
emissary_aug_14,emissary_aug_14,141,17326,2,chain,1,6,23,emissary_aug_14.npz
gitcontroller_aug_00,gitcontroller_aug_00,281,68175,2,chain,6,0,68,gitcontroller_aug_00.npz
gitcontroller_aug_01,gitcontroller_aug_01,281,55850,2,chain,6,0,68,gitcontroller_aug_01.npz
gitcontroller_aug_02,gitcontroller_aug_02,281,64916,2,chain,6,0,68,gitcontroller_aug_02.npz
gitcontroller_aug_03,gitcontroller_aug_03,281,52912,2,chain,6,0,68,gitcontroller_aug_03.npz
gitcontroller_aug_04,gitcontroller_aug_04,281,69560,2,chain,6,0,68,gitcontroller_aug_04.npz
gitcontroller_aug_05,gitcontroller_aug_05,281,54438,2,chain,6,0,68,gitcontroller_aug_05.npz
gitcontroller_aug_06,gitcontroller_aug_06,281,65890,2,chain,6,0,68,gitcontroller_aug_06.npz
gitcontroller_aug_07,gitcontroller_aug_07,281,53250,2,chain,6,0,68,gitcontroller_aug_07.npz
gitcontroller_aug_08,gitcontroller_aug_08,281,67418,2,chain,6,0,68,gitcontroller_aug_08.npz
gitcontroller_aug_09,gitcontroller_aug_09,281,61955,2,chain,6,0,68,gitcontroller_aug_09.npz
gitcontroller_aug_10,gitcontroller_aug_10,120,11141,2,chain,6,0,68,gitcontroller_aug_10.npz
gitcontroller_aug_11,gitcontroller_aug_11,117,9568,2,chain,6,0,68,gitcontroller_aug_11.npz
gitcontroller_aug_12,gitcontroller_aug_12,178,27346,2,chain,6,0,68,gitcontroller_aug_12.npz
gitcontroller_aug_13,gitcontroller_aug_13,164,21213,2,chain,6,0,68,gitcontroller_aug_13.npz
gitcontroller_aug_14,gitcontroller_aug_14,182,24090,2,chain,6,0,68,gitcontroller_aug_14.npz
infra-goof-k8s_aug_00,infra-goof-k8s_aug_00,24,524,2,chain,20,24,24,infra-goof-k8s_aug_00.npz
infra-goof-k8s_aug_01,infra-goof-k8s_aug_01,24,542,2,chain,20,24,24,infra-goof-k8s_aug_01.npz
infra-goof-k8s_aug_02,infra-goof-k8s_aug_02,24,539,2,chain,20,24,24,infra-goof-k8s_aug_02.npz
infra-goof-k8s_aug_03,infra-goof-k8s_aug_03,24,535,2,chain,20,24,24,infra-goof-k8s_aug_03.npz
infra-goof-k8s_aug_04,infra-goof-k8s_aug_04,24,542,2,chain,20,24,24,infra-goof-k8s_aug_04.npz
infra-goof-k8s_aug_05,infra-goof-k8s_aug_05,24,529,2,chain,20,24,24,infra-goof-k8s_aug_05.npz
infra-goof-k8s_aug_06,infra-goof-k8s_aug_06,24,521,2,chain,20,24,24,infra-goof-k8s_aug_06.npz
infra-goof-k8s_aug_07,infra-goof-k8s_aug_07,24,526,2,chain,20,24,24,infra-goof-k8s_aug_07.npz
infra-goof-k8s_aug_08,infra-goof-k8s_aug_08,24,540,2,chain,20,24,24,infra-goof-k8s_aug_08.npz
infra-goof-k8s_aug_09,infra-goof-k8s_aug_09,24,536,2,chain,20,24,24,infra-goof-k8s_aug_09.npz
infra-goof-k8s_aug_10,infra-goof-k8s_aug_10,24,524,2,chain,20,24,24,infra-goof-k8s_aug_10.npz
infra-goof-k8s_aug_11,infra-goof-k8s_aug_11,24,531,2,chain,20,24,24,infra-goof-k8s_aug_11.npz
infra-goof-k8s_aug_12,infra-goof-k8s_aug_12,24,542,2,chain,20,24,24,infra-goof-k8s_aug_12.npz
infra-goof-k8s_aug_13,infra-goof-k8s_aug_13,24,522,2,chain,20,24,24,infra-goof-k8s_aug_13.npz
infra-goof-k8s_aug_14,infra-goof-k8s_aug_14,24,543,2,chain,20,24,24,infra-goof-k8s_aug_14.npz
kube-goat_aug_00,kube-goat_aug_00,4,12,2,chain,1,4,4,kube-goat_aug_00.npz
kube-goat_aug_01,kube-goat_aug_01,4,12,2,chain,1,4,4,kube-goat_aug_01.npz
kube-goat_aug_02,kube-goat_aug_02,4,12,2,chain,1,4,4,kube-goat_aug_02.npz
kube-goat_aug_03,kube-goat_aug_03,4,12,2,chain,1,4,4,kube-goat_aug_03.npz
kube-goat_aug_04,kube-goat_aug_04,4,12,2,chain,1,4,4,kube-goat_aug_04.npz
kube-goat_aug_05,kube-goat_aug_05,4,12,2,chain,1,4,4,kube-goat_aug_05.npz
kube-goat_aug_06,kube-goat_aug_06,4,12,2,chain,1,4,4,kube-goat_aug_06.npz
kube-goat_aug_07,kube-goat_aug_07,4,12,2,chain,1,4,4,kube-goat_aug_07.npz
kube-goat_aug_08,kube-goat_aug_08,4,12,2,chain,1,4,4,kube-goat_aug_08.npz
kube-goat_aug_09,kube-goat_aug_09,4,12,2,chain,1,4,4,kube-goat_aug_09.npz
kube-goat_aug_10,kube-goat_aug_10,4,12,2,chain,1,4,4,kube-goat_aug_10.npz
kube-goat_aug_11,kube-goat_aug_11,4,12,2,chain,1,4,4,kube-goat_aug_11.npz
kube-goat_aug_12,kube-goat_aug_12,4,12,2,chain,1,4,4,kube-goat_aug_12.npz
kube-goat_aug_13,kube-goat_aug_13,4,12,2,chain,1,4,4,kube-goat_aug_13.npz
kube-goat_aug_14,kube-goat_aug_14,4,12,2,chain,1,4,4,kube-goat_aug_14.npz
kube_security_lab_aug_00,kube_security_lab_aug_00,10,87,2,chain,7,10,10,kube_security_lab_aug_00.npz
kube_security_lab_aug_01,kube_security_lab_aug_01,10,87,2,chain,7,10,10,kube_security_lab_aug_01.npz
kube_security_lab_aug_02,kube_security_lab_aug_02,10,86,2,chain,7,10,10,kube_security_lab_aug_02.npz
kube_security_lab_aug_03,kube_security_lab_aug_03,10,87,2,chain,7,10,10,kube_security_lab_aug_03.npz
kube_security_lab_aug_04,kube_security_lab_aug_04,10,87,2,chain,7,10,10,kube_security_lab_aug_04.npz
kube_security_lab_aug_05,kube_security_lab_aug_05,10,89,2,chain,7,10,10,kube_security_lab_aug_05.npz
kube_security_lab_aug_06,kube_security_lab_aug_06,10,87,2,chain,7,10,10,kube_security_lab_aug_06.npz
kube_security_lab_aug_07,kube_security_lab_aug_07,10,87,2,chain,7,10,10,kube_security_lab_aug_07.npz
kube_security_lab_aug_08,kube_security_lab_aug_08,10,88,2,chain,7,10,10,kube_security_lab_aug_08.npz
kube_security_lab_aug_09,kube_security_lab_aug_09,10,87,2,chain,7,10,10,kube_security_lab_aug_09.npz
kube_security_lab_aug_10,kube_security_lab_aug_10,10,87,2,chain,7,10,10,kube_security_lab_aug_10.npz
kube_security_lab_aug_11,kube_security_lab_aug_11,10,89,2,chain,7,10,10,kube_security_lab_aug_11.npz
kube_security_lab_aug_12,kube_security_lab_aug_12,10,86,2,chain,7,10,10,kube_security_lab_aug_12.npz
kube_security_lab_aug_13,kube_security_lab_aug_13,10,89,2,chain,7,10,10,kube_security_lab_aug_13.npz
kube_security_lab_aug_14,kube_security_lab_aug_14,10,89,2,chain,7,10,10,kube_security_lab_aug_14.npz
kubernetes-ctf_aug_00,kubernetes-ctf_aug_00,8,56,2,chain,1,8,8,kubernetes-ctf_aug_00.npz
kubernetes-ctf_aug_01,kubernetes-ctf_aug_01,8,56,2,chain,1,8,8,kubernetes-ctf_aug_01.npz
kubernetes-ctf_aug_02,kubernetes-ctf_aug_02,8,56,2,chain,1,8,8,kubernetes-ctf_aug_02.npz
kubernetes-ctf_aug_03,kubernetes-ctf_aug_03,8,56,2,chain,1,8,8,kubernetes-ctf_aug_03.npz
kubernetes-ctf_aug_04,kubernetes-ctf_aug_04,8,56,2,chain,1,8,8,kubernetes-ctf_aug_04.npz
kubernetes-ctf_aug_05,kubernetes-ctf_aug_05,8,56,2,chain,1,8,8,kubernetes-ctf_aug_05.npz
kubernetes-ctf_aug_06,kubernetes-ctf_aug_06,8,56,2,chain,1,8,8,kubernetes-ctf_aug_06.npz
kubernetes-ctf_aug_07,kubernetes-ctf_aug_07,8,56,2,chain,1,8,8,kubernetes-ctf_aug_07.npz
kubernetes-ctf_aug_08,kubernetes-ctf_aug_08,8,56,2,chain,1,8,8,kubernetes-ctf_aug_08.npz
kubernetes-ctf_aug_09,kubernetes-ctf_aug_09,8,56,2,chain,1,8,8,kubernetes-ctf_aug_09.npz
kubernetes-ctf_aug_10,kubernetes-ctf_aug_10,8,56,2,chain,1,8,8,kubernetes-ctf_aug_10.npz
kubernetes-ctf_aug_11,kubernetes-ctf_aug_11,8,56,2,chain,1,8,8,kubernetes-ctf_aug_11.npz
kubernetes-ctf_aug_12,kubernetes-ctf_aug_12,8,56,2,chain,1,8,8,kubernetes-ctf_aug_12.npz
kubernetes-ctf_aug_13,kubernetes-ctf_aug_13,8,56,2,chain,1,8,8,kubernetes-ctf_aug_13.npz
kubernetes-ctf_aug_14,kubernetes-ctf_aug_14,8,56,2,chain,1,8,8,kubernetes-ctf_aug_14.npz
kubernetes-goof_aug_00,kubernetes-goof_aug_00,9,67,2,chain,4,9,9,kubernetes-goof_aug_00.npz
kubernetes-goof_aug_01,kubernetes-goof_aug_01,9,71,2,chain,4,9,9,kubernetes-goof_aug_01.npz
kubernetes-goof_aug_02,kubernetes-goof_aug_02,9,67,2,chain,4,9,9,kubernetes-goof_aug_02.npz
kubernetes-goof_aug_03,kubernetes-goof_aug_03,9,67,2,chain,4,9,9,kubernetes-goof_aug_03.npz
kubernetes-goof_aug_04,kubernetes-goof_aug_04,9,70,2,chain,4,9,9,kubernetes-goof_aug_04.npz
kubernetes-goof_aug_05,kubernetes-goof_aug_05,9,68,2,chain,4,9,9,kubernetes-goof_aug_05.npz
kubernetes-goof_aug_06,kubernetes-goof_aug_06,9,69,2,chain,4,9,9,kubernetes-goof_aug_06.npz
kubernetes-goof_aug_07,kubernetes-goof_aug_07,9,69,2,chain,4,9,9,kubernetes-goof_aug_07.npz
kubernetes-goof_aug_08,kubernetes-goof_aug_08,9,68,2,chain,4,9,9,kubernetes-goof_aug_08.npz
kubernetes-goof_aug_09,kubernetes-goof_aug_09,9,68,2,chain,4,9,9,kubernetes-goof_aug_09.npz
kubernetes-goof_aug_10,kubernetes-goof_aug_10,9,69,2,chain,4,9,9,kubernetes-goof_aug_10.npz
kubernetes-goof_aug_11,kubernetes-goof_aug_11,9,67,2,chain,4,9,9,kubernetes-goof_aug_11.npz
kubernetes-goof_aug_12,kubernetes-goof_aug_12,9,69,2,chain,4,9,9,kubernetes-goof_aug_12.npz
kubernetes-goof_aug_13,kubernetes-goof_aug_13,9,69,2,chain,4,9,9,kubernetes-goof_aug_13.npz
kubernetes-goof_aug_14,kubernetes-goof_aug_14,9,69,2,chain,4,9,9,kubernetes-goof_aug_14.npz
kubernetes-native-testbed_aug_00,kubernetes-native-testbed_aug_00,163,19777,2,chain,1,11,16,kubernetes-native-testbed_aug_00.npz
kubernetes-native-testbed_aug_01,kubernetes-native-testbed_aug_01,163,19703,2,chain,1,11,16,kubernetes-native-testbed_aug_01.npz
kubernetes-native-testbed_aug_02,kubernetes-native-testbed_aug_02,163,21611,2,chain,1,11,16,kubernetes-native-testbed_aug_02.npz
kubernetes-native-testbed_aug_03,kubernetes-native-testbed_aug_03,163,22464,2,chain,1,11,16,kubernetes-native-testbed_aug_03.npz
kubernetes-native-testbed_aug_04,kubernetes-native-testbed_aug_04,163,20225,2,chain,1,11,16,kubernetes-native-testbed_aug_04.npz
kubernetes-native-testbed_aug_05,kubernetes-native-testbed_aug_05,163,23102,2,chain,1,11,16,kubernetes-native-testbed_aug_05.npz
kubernetes-native-testbed_aug_06,kubernetes-native-testbed_aug_06,163,18228,2,chain,1,11,16,kubernetes-native-testbed_aug_06.npz
kubernetes-native-testbed_aug_07,kubernetes-native-testbed_aug_07,163,19959,2,chain,1,11,16,kubernetes-native-testbed_aug_07.npz
kubernetes-native-testbed_aug_08,kubernetes-native-testbed_aug_08,163,19672,2,chain,1,11,16,kubernetes-native-testbed_aug_08.npz
kubernetes-native-testbed_aug_09,kubernetes-native-testbed_aug_09,163,18097,2,chain,1,11,16,kubernetes-native-testbed_aug_09.npz
kubernetes-native-testbed_aug_10,kubernetes-native-testbed_aug_10,93,5988,2,chain,1,11,16,kubernetes-native-testbed_aug_10.npz
kubernetes-native-testbed_aug_11,kubernetes-native-testbed_aug_11,77,3976,2,chain,1,11,16,kubernetes-native-testbed_aug_11.npz
kubernetes-native-testbed_aug_12,kubernetes-native-testbed_aug_12,112,11223,2,chain,1,11,16,kubernetes-native-testbed_aug_12.npz
kubernetes-native-testbed_aug_13,kubernetes-native-testbed_aug_13,96,7034,2,chain,1,11,16,kubernetes-native-testbed_aug_13.npz
kubernetes-native-testbed_aug_14,kubernetes-native-testbed_aug_14,94,7406,2,chain,1,11,16,kubernetes-native-testbed_aug_14.npz
kubernetes_goat_health-check_aug_00,kubernetes_goat_health-check_aug_00,2,2,2,chain,2,2,2,kubernetes_goat_health-check_aug_00.npz
kubernetes_goat_health-check_aug_01,kubernetes_goat_health-check_aug_01,2,2,2,chain,2,2,2,kubernetes_goat_health-check_aug_01.npz
kubernetes_goat_health-check_aug_02,kubernetes_goat_health-check_aug_02,2,2,2,chain,2,2,2,kubernetes_goat_health-check_aug_02.npz
kubernetes_goat_health-check_aug_03,kubernetes_goat_health-check_aug_03,2,2,2,chain,2,2,2,kubernetes_goat_health-check_aug_03.npz
kubernetes_goat_health-check_aug_04,kubernetes_goat_health-check_aug_04,2,2,2,chain,2,2,2,kubernetes_goat_health-check_aug_04.npz
kubernetes_goat_health-check_aug_05,kubernetes_goat_health-check_aug_05,2,2,2,chain,2,2,2,kubernetes_goat_health-check_aug_05.npz
kubernetes_goat_health-check_aug_06,kubernetes_goat_health-check_aug_06,2,2,2,chain,2,2,2,kubernetes_goat_health-check_aug_06.npz
kubernetes_goat_health-check_aug_07,kubernetes_goat_health-check_aug_07,2,2,2,chain,2,2,2,kubernetes_goat_health-check_aug_07.npz
kubernetes_goat_health-check_aug_08,kubernetes_goat_health-check_aug_08,2,2,2,chain,2,2,2,kubernetes_goat_health-check_aug_08.npz
kubernetes_goat_health-check_aug_09,kubernetes_goat_health-check_aug_09,2,2,2,chain,2,2,2,kubernetes_goat_health-check_aug_09.npz
kubernetes_goat_health-check_aug_10,kubernetes_goat_health-check_aug_10,2,2,2,chain,2,2,2,kubernetes_goat_health-check_aug_10.npz
kubernetes_goat_health-check_aug_11,kubernetes_goat_health-check_aug_11,2,2,2,chain,2,2,2,kubernetes_goat_health-check_aug_11.npz
kubernetes_goat_health-check_aug_12,kubernetes_goat_health-check_aug_12,2,2,2,chain,2,2,2,kubernetes_goat_health-check_aug_12.npz
kubernetes_goat_health-check_aug_13,kubernetes_goat_health-check_aug_13,2,2,2,chain,2,2,2,kubernetes_goat_health-check_aug_13.npz
kubernetes_goat_health-check_aug_14,kubernetes_goat_health-check_aug_14,2,2,2,chain,2,2,2,kubernetes_goat_health-check_aug_14.npz
kubernetes_goat_kube-bench-security_aug_00,kubernetes_goat_kube-bench-security_aug_00,2,2,2,chain,2,2,2,kubernetes_goat_kube-bench-security_aug_00.npz
kubernetes_goat_kube-bench-security_aug_01,kubernetes_goat_kube-bench-security_aug_01,2,2,2,chain,2,2,2,kubernetes_goat_kube-bench-security_aug_01.npz
kubernetes_goat_kube-bench-security_aug_02,kubernetes_goat_kube-bench-security_aug_02,2,2,2,chain,2,2,2,kubernetes_goat_kube-bench-security_aug_02.npz
kubernetes_goat_kube-bench-security_aug_03,kubernetes_goat_kube-bench-security_aug_03,2,2,2,chain,2,2,2,kubernetes_goat_kube-bench-security_aug_03.npz
kubernetes_goat_kube-bench-security_aug_04,kubernetes_goat_kube-bench-security_aug_04,2,2,2,chain,2,2,2,kubernetes_goat_kube-bench-security_aug_04.npz
kubernetes_goat_kube-bench-security_aug_05,kubernetes_goat_kube-bench-security_aug_05,2,2,2,chain,2,2,2,kubernetes_goat_kube-bench-security_aug_05.npz
kubernetes_goat_kube-bench-security_aug_06,kubernetes_goat_kube-bench-security_aug_06,2,2,2,chain,2,2,2,kubernetes_goat_kube-bench-security_aug_06.npz
kubernetes_goat_kube-bench-security_aug_07,kubernetes_goat_kube-bench-security_aug_07,2,2,2,chain,2,2,2,kubernetes_goat_kube-bench-security_aug_07.npz
kubernetes_goat_kube-bench-security_aug_08,kubernetes_goat_kube-bench-security_aug_08,2,2,2,chain,2,2,2,kubernetes_goat_kube-bench-security_aug_08.npz
kubernetes_goat_kube-bench-security_aug_09,kubernetes_goat_kube-bench-security_aug_09,2,2,2,chain,2,2,2,kubernetes_goat_kube-bench-security_aug_09.npz
kubernetes_goat_kube-bench-security_aug_10,kubernetes_goat_kube-bench-security_aug_10,2,2,2,chain,2,2,2,kubernetes_goat_kube-bench-security_aug_10.npz
kubernetes_goat_kube-bench-security_aug_11,kubernetes_goat_kube-bench-security_aug_11,2,2,2,chain,2,2,2,kubernetes_goat_kube-bench-security_aug_11.npz
kubernetes_goat_kube-bench-security_aug_12,kubernetes_goat_kube-bench-security_aug_12,2,2,2,chain,2,2,2,kubernetes_goat_kube-bench-security_aug_12.npz
kubernetes_goat_kube-bench-security_aug_13,kubernetes_goat_kube-bench-security_aug_13,2,2,2,chain,2,2,2,kubernetes_goat_kube-bench-security_aug_13.npz
kubernetes_goat_kube-bench-security_aug_14,kubernetes_goat_kube-bench-security_aug_14,2,2,2,chain,2,2,2,kubernetes_goat_kube-bench-security_aug_14.npz
longhorn_aug_00,longhorn_aug_00,2,2,2,chain,2,2,2,longhorn_aug_00.npz
longhorn_aug_01,longhorn_aug_01,2,2,2,chain,2,2,2,longhorn_aug_01.npz
longhorn_aug_02,longhorn_aug_02,2,2,2,chain,2,2,2,longhorn_aug_02.npz
longhorn_aug_03,longhorn_aug_03,2,2,2,chain,2,2,2,longhorn_aug_03.npz
longhorn_aug_04,longhorn_aug_04,2,2,2,chain,2,2,2,longhorn_aug_04.npz
longhorn_aug_05,longhorn_aug_05,2,2,2,chain,2,2,2,longhorn_aug_05.npz
longhorn_aug_06,longhorn_aug_06,2,2,2,chain,2,2,2,longhorn_aug_06.npz
longhorn_aug_07,longhorn_aug_07,2,2,2,chain,2,2,2,longhorn_aug_07.npz
longhorn_aug_08,longhorn_aug_08,2,2,2,chain,2,2,2,longhorn_aug_08.npz
longhorn_aug_09,longhorn_aug_09,2,2,2,chain,2,2,2,longhorn_aug_09.npz
longhorn_aug_10,longhorn_aug_10,2,2,2,chain,2,2,2,longhorn_aug_10.npz
longhorn_aug_11,longhorn_aug_11,2,2,2,chain,2,2,2,longhorn_aug_11.npz
longhorn_aug_12,longhorn_aug_12,2,2,2,chain,2,2,2,longhorn_aug_12.npz
longhorn_aug_13,longhorn_aug_13,2,2,2,chain,2,2,2,longhorn_aug_13.npz
longhorn_aug_14,longhorn_aug_14,2,2,2,chain,2,2,2,longhorn_aug_14.npz
minik8s-ctf_aug_00,minik8s-ctf_aug_00,4,12,2,chain,2,4,4,minik8s-ctf_aug_00.npz
minik8s-ctf_aug_01,minik8s-ctf_aug_01,4,12,2,chain,2,4,4,minik8s-ctf_aug_01.npz
minik8s-ctf_aug_02,minik8s-ctf_aug_02,4,11,2,chain,2,4,4,minik8s-ctf_aug_02.npz
minik8s-ctf_aug_03,minik8s-ctf_aug_03,4,11,2,chain,2,4,4,minik8s-ctf_aug_03.npz
minik8s-ctf_aug_04,minik8s-ctf_aug_04,4,11,2,chain,2,4,4,minik8s-ctf_aug_04.npz
minik8s-ctf_aug_05,minik8s-ctf_aug_05,4,11,2,chain,2,4,4,minik8s-ctf_aug_05.npz
minik8s-ctf_aug_06,minik8s-ctf_aug_06,4,11,2,chain,2,4,4,minik8s-ctf_aug_06.npz
minik8s-ctf_aug_07,minik8s-ctf_aug_07,4,11,2,chain,2,4,4,minik8s-ctf_aug_07.npz
minik8s-ctf_aug_08,minik8s-ctf_aug_08,4,12,2,chain,2,4,4,minik8s-ctf_aug_08.npz
minik8s-ctf_aug_09,minik8s-ctf_aug_09,4,11,2,chain,2,4,4,minik8s-ctf_aug_09.npz
minik8s-ctf_aug_10,minik8s-ctf_aug_10,4,11,2,chain,2,4,4,minik8s-ctf_aug_10.npz
minik8s-ctf_aug_11,minik8s-ctf_aug_11,4,11,2,chain,2,4,4,minik8s-ctf_aug_11.npz
minik8s-ctf_aug_12,minik8s-ctf_aug_12,4,12,2,chain,2,4,4,minik8s-ctf_aug_12.npz
minik8s-ctf_aug_13,minik8s-ctf_aug_13,4,12,2,chain,2,4,4,minik8s-ctf_aug_13.npz
minik8s-ctf_aug_14,minik8s-ctf_aug_14,4,11,2,chain,2,4,4,minik8s-ctf_aug_14.npz
securekubernetes_aug_00,securekubernetes_aug_00,3,6,2,chain,2,3,3,securekubernetes_aug_00.npz
securekubernetes_aug_01,securekubernetes_aug_01,3,6,2,chain,2,3,3,securekubernetes_aug_01.npz
securekubernetes_aug_02,securekubernetes_aug_02,3,6,2,chain,2,3,3,securekubernetes_aug_02.npz
securekubernetes_aug_03,securekubernetes_aug_03,3,6,2,chain,2,3,3,securekubernetes_aug_03.npz
securekubernetes_aug_04,securekubernetes_aug_04,3,6,2,chain,2,3,3,securekubernetes_aug_04.npz
securekubernetes_aug_05,securekubernetes_aug_05,3,6,2,chain,2,3,3,securekubernetes_aug_05.npz
securekubernetes_aug_06,securekubernetes_aug_06,3,6,2,chain,2,3,3,securekubernetes_aug_06.npz
securekubernetes_aug_07,securekubernetes_aug_07,3,6,2,chain,2,3,3,securekubernetes_aug_07.npz
securekubernetes_aug_08,securekubernetes_aug_08,3,6,2,chain,2,3,3,securekubernetes_aug_08.npz
securekubernetes_aug_09,securekubernetes_aug_09,3,6,2,chain,2,3,3,securekubernetes_aug_09.npz
securekubernetes_aug_10,securekubernetes_aug_10,3,6,2,chain,2,3,3,securekubernetes_aug_10.npz
securekubernetes_aug_11,securekubernetes_aug_11,3,6,2,chain,2,3,3,securekubernetes_aug_11.npz
securekubernetes_aug_12,securekubernetes_aug_12,3,6,2,chain,2,3,3,securekubernetes_aug_12.npz
securekubernetes_aug_13,securekubernetes_aug_13,3,6,2,chain,2,3,3,securekubernetes_aug_13.npz
securekubernetes_aug_14,securekubernetes_aug_14,3,6,2,chain,2,3,3,securekubernetes_aug_14.npz
simulator_coastline-cluster-attack_aug_00,simulator_coastline-cluster-attack_aug_00,4,11,2,chain,2,4,4,simulator_coastline-cluster-attack_aug_00.npz
simulator_coastline-cluster-attack_aug_01,simulator_coastline-cluster-attack_aug_01,4,12,2,chain,2,4,4,simulator_coastline-cluster-attack_aug_01.npz
simulator_coastline-cluster-attack_aug_02,simulator_coastline-cluster-attack_aug_02,4,12,2,chain,2,4,4,simulator_coastline-cluster-attack_aug_02.npz
simulator_coastline-cluster-attack_aug_03,simulator_coastline-cluster-attack_aug_03,4,11,2,chain,2,4,4,simulator_coastline-cluster-attack_aug_03.npz
simulator_coastline-cluster-attack_aug_04,simulator_coastline-cluster-attack_aug_04,4,11,2,chain,2,4,4,simulator_coastline-cluster-attack_aug_04.npz
simulator_coastline-cluster-attack_aug_05,simulator_coastline-cluster-attack_aug_05,4,12,2,chain,2,4,4,simulator_coastline-cluster-attack_aug_05.npz
simulator_coastline-cluster-attack_aug_06,simulator_coastline-cluster-attack_aug_06,4,12,2,chain,2,4,4,simulator_coastline-cluster-attack_aug_06.npz
simulator_coastline-cluster-attack_aug_07,simulator_coastline-cluster-attack_aug_07,4,11,2,chain,2,4,4,simulator_coastline-cluster-attack_aug_07.npz
simulator_coastline-cluster-attack_aug_08,simulator_coastline-cluster-attack_aug_08,4,10,2,chain,2,4,4,simulator_coastline-cluster-attack_aug_08.npz
simulator_coastline-cluster-attack_aug_09,simulator_coastline-cluster-attack_aug_09,4,11,2,chain,2,4,4,simulator_coastline-cluster-attack_aug_09.npz
simulator_coastline-cluster-attack_aug_10,simulator_coastline-cluster-attack_aug_10,4,11,2,chain,2,4,4,simulator_coastline-cluster-attack_aug_10.npz
simulator_coastline-cluster-attack_aug_11,simulator_coastline-cluster-attack_aug_11,4,11,2,chain,2,4,4,simulator_coastline-cluster-attack_aug_11.npz
simulator_coastline-cluster-attack_aug_12,simulator_coastline-cluster-attack_aug_12,4,11,2,chain,2,4,4,simulator_coastline-cluster-attack_aug_12.npz
simulator_coastline-cluster-attack_aug_13,simulator_coastline-cluster-attack_aug_13,4,12,2,chain,2,4,4,simulator_coastline-cluster-attack_aug_13.npz
simulator_coastline-cluster-attack_aug_14,simulator_coastline-cluster-attack_aug_14,4,11,2,chain,2,4,4,simulator_coastline-cluster-attack_aug_14.npz
simulator_identity-theft_aug_00,simulator_identity-theft_aug_00,8,40,2,chain,1,8,8,simulator_identity-theft_aug_00.npz
simulator_identity-theft_aug_01,simulator_identity-theft_aug_01,8,40,2,chain,1,8,8,simulator_identity-theft_aug_01.npz
simulator_identity-theft_aug_02,simulator_identity-theft_aug_02,8,41,2,chain,1,8,8,simulator_identity-theft_aug_02.npz
simulator_identity-theft_aug_03,simulator_identity-theft_aug_03,8,47,2,chain,1,8,8,simulator_identity-theft_aug_03.npz
simulator_identity-theft_aug_04,simulator_identity-theft_aug_04,8,49,2,chain,1,8,8,simulator_identity-theft_aug_04.npz
simulator_identity-theft_aug_05,simulator_identity-theft_aug_05,8,51,2,chain,1,8,8,simulator_identity-theft_aug_05.npz
simulator_identity-theft_aug_06,simulator_identity-theft_aug_06,8,49,2,chain,1,8,8,simulator_identity-theft_aug_06.npz
simulator_identity-theft_aug_07,simulator_identity-theft_aug_07,8,45,2,chain,1,8,8,simulator_identity-theft_aug_07.npz
simulator_identity-theft_aug_08,simulator_identity-theft_aug_08,8,50,2,chain,1,8,8,simulator_identity-theft_aug_08.npz
simulator_identity-theft_aug_09,simulator_identity-theft_aug_09,8,40,2,chain,1,8,8,simulator_identity-theft_aug_09.npz
simulator_identity-theft_aug_10,simulator_identity-theft_aug_10,8,51,2,chain,1,8,8,simulator_identity-theft_aug_10.npz
simulator_identity-theft_aug_11,simulator_identity-theft_aug_11,8,49,2,chain,1,8,8,simulator_identity-theft_aug_11.npz
simulator_identity-theft_aug_12,simulator_identity-theft_aug_12,8,43,2,chain,1,8,8,simulator_identity-theft_aug_12.npz
simulator_identity-theft_aug_13,simulator_identity-theft_aug_13,8,40,2,chain,1,8,8,simulator_identity-theft_aug_13.npz
simulator_identity-theft_aug_14,simulator_identity-theft_aug_14,8,49,2,chain,1,8,8,simulator_identity-theft_aug_14.npz
simulator_pss-misconfiguration_aug_00,simulator_pss-misconfiguration_aug_00,2,2,2,chain,2,2,2,simulator_pss-misconfiguration_aug_00.npz
simulator_pss-misconfiguration_aug_01,simulator_pss-misconfiguration_aug_01,2,2,2,chain,2,2,2,simulator_pss-misconfiguration_aug_01.npz
simulator_pss-misconfiguration_aug_02,simulator_pss-misconfiguration_aug_02,2,2,2,chain,2,2,2,simulator_pss-misconfiguration_aug_02.npz
simulator_pss-misconfiguration_aug_03,simulator_pss-misconfiguration_aug_03,2,2,2,chain,2,2,2,simulator_pss-misconfiguration_aug_03.npz
simulator_pss-misconfiguration_aug_04,simulator_pss-misconfiguration_aug_04,2,2,2,chain,2,2,2,simulator_pss-misconfiguration_aug_04.npz
simulator_pss-misconfiguration_aug_05,simulator_pss-misconfiguration_aug_05,2,2,2,chain,2,2,2,simulator_pss-misconfiguration_aug_05.npz
simulator_pss-misconfiguration_aug_06,simulator_pss-misconfiguration_aug_06,2,2,2,chain,2,2,2,simulator_pss-misconfiguration_aug_06.npz
simulator_pss-misconfiguration_aug_07,simulator_pss-misconfiguration_aug_07,2,2,2,chain,2,2,2,simulator_pss-misconfiguration_aug_07.npz
simulator_pss-misconfiguration_aug_08,simulator_pss-misconfiguration_aug_08,2,2,2,chain,2,2,2,simulator_pss-misconfiguration_aug_08.npz
simulator_pss-misconfiguration_aug_09,simulator_pss-misconfiguration_aug_09,2,2,2,chain,2,2,2,simulator_pss-misconfiguration_aug_09.npz
simulator_pss-misconfiguration_aug_10,simulator_pss-misconfiguration_aug_10,2,2,2,chain,2,2,2,simulator_pss-misconfiguration_aug_10.npz
simulator_pss-misconfiguration_aug_11,simulator_pss-misconfiguration_aug_11,2,2,2,chain,2,2,2,simulator_pss-misconfiguration_aug_11.npz
simulator_pss-misconfiguration_aug_12,simulator_pss-misconfiguration_aug_12,2,2,2,chain,2,2,2,simulator_pss-misconfiguration_aug_12.npz
simulator_pss-misconfiguration_aug_13,simulator_pss-misconfiguration_aug_13,2,2,2,chain,2,2,2,simulator_pss-misconfiguration_aug_13.npz
simulator_pss-misconfiguration_aug_14,simulator_pss-misconfiguration_aug_14,2,2,2,chain,2,2,2,simulator_pss-misconfiguration_aug_14.npz
simulator_seven-seas_aug_00,simulator_seven-seas_aug_00,5,19,2,chain,2,5,5,simulator_seven-seas_aug_00.npz
simulator_seven-seas_aug_01,simulator_seven-seas_aug_01,5,18,2,chain,2,5,5,simulator_seven-seas_aug_01.npz
simulator_seven-seas_aug_02,simulator_seven-seas_aug_02,5,19,2,chain,2,5,5,simulator_seven-seas_aug_02.npz
simulator_seven-seas_aug_03,simulator_seven-seas_aug_03,5,19,2,chain,2,5,5,simulator_seven-seas_aug_03.npz
simulator_seven-seas_aug_04,simulator_seven-seas_aug_04,5,17,2,chain,2,5,5,simulator_seven-seas_aug_04.npz
simulator_seven-seas_aug_05,simulator_seven-seas_aug_05,5,16,2,chain,2,5,5,simulator_seven-seas_aug_05.npz
simulator_seven-seas_aug_06,simulator_seven-seas_aug_06,5,17,2,chain,2,5,5,simulator_seven-seas_aug_06.npz
simulator_seven-seas_aug_07,simulator_seven-seas_aug_07,5,19,2,chain,2,5,5,simulator_seven-seas_aug_07.npz
simulator_seven-seas_aug_08,simulator_seven-seas_aug_08,5,18,2,chain,2,5,5,simulator_seven-seas_aug_08.npz
simulator_seven-seas_aug_09,simulator_seven-seas_aug_09,5,19,2,chain,2,5,5,simulator_seven-seas_aug_09.npz
simulator_seven-seas_aug_10,simulator_seven-seas_aug_10,5,17,2,chain,2,5,5,simulator_seven-seas_aug_10.npz
simulator_seven-seas_aug_11,simulator_seven-seas_aug_11,5,18,2,chain,2,5,5,simulator_seven-seas_aug_11.npz
simulator_seven-seas_aug_12,simulator_seven-seas_aug_12,5,18,2,chain,2,5,5,simulator_seven-seas_aug_12.npz
simulator_seven-seas_aug_13,simulator_seven-seas_aug_13,5,19,2,chain,2,5,5,simulator_seven-seas_aug_13.npz
simulator_seven-seas_aug_14,simulator_seven-seas_aug_14,5,19,2,chain,2,5,5,simulator_seven-seas_aug_14.npz
